Symbol,Date,Close,MACD_Fast,MACD_Slow,RSI
ANANDRATHI,2022-12-30,350.77,0.0,0.0,
ANANDRATHI,2023-01-31,416.25,5.22,1.04,100.0
ANANDRATHI,2023-02-28,376.05,6.05,2.05,95.49
ANANDRATHI,2023-03-31,403.85,8.85,3.41,95.64
ANANDRATHI,2023-04-28,431.77,13.16,5.36,95.79
ANANDRATHI,2023-05-31,430.08,16.26,7.54,95.57
ANANDRATHI,2023-06-30,432.98,18.73,9.78,95.59
ANANDRATHI,2023-07-31,581.7,32.32,14.29,96.4
ANANDRATHI,2023-08-31,713.25,53.09,22.05,96.93
ANANDRATHI,2023-09-29,840.4,78.9,33.42,97.35
ANANDRATHI,2023-10-31,954.55,107.33,48.2,97.65
ANANDRATHI,2023-11-30,1297.75,155.76,69.71,98.29
ANANDRATHI,2023-12-29,1296.85,191.86,94.14,98.21
ANANDRATHI,2024-01-31,1529.12,236.48,122.61,98.52
ANANDRATHI,2024-02-29,1828.4,292.62,156.61,98.81
ANANDRATHI,2024-03-29,1847.18,334.77,192.24,98.83
ANANDRATHI,2024-04-30,1999.12,376.09,229.01,98.95
ANANDRATHI,2024-05-31,2097.7,412.05,265.62,99.02
ANANDRATHI,2024-06-28,1953.93,424.06,297.31,89.65
ANANDRATHI,2024-07-31,1889.18,423.47,322.54,85.71
ANANDRATHI,2024-08-30,1906.9,419.59,341.95,85.9
ANANDRATHI,2024-09-30,1962.68,416.22,356.81,86.48
ANANDRATHI,2024-10-31,2062.98,416.84,368.81,87.49
ANANDRATHI,2024-11-29,2078.02,413.78,377.81,87.63
ANANDRATHI,2024-12-31,1972.03,398.21,381.89,80.39
ANANDRATHI,2025-01-31,1831.1,370.22,379.55,71.89
ANANDRATHI,2025-02-28,2000.53,357.6,375.16,75.28
ANANDRATHI,2025-03-31,1912.2,336.59,367.45,70.51
ANANDRATHI,2025-04-30,1701.8,299.5,353.86,60.65
ANANDRATHI,2025-05-30,1876.5,280.97,339.28,65.02
ANANDRATHI,2025-06-30,2159.7,285.84,328.59,70.71
ANANDRATHI,2025-07-31,2645.6,325.16,327.91,77.47
ANANDRATHI,2025-08-29,2793.9,364.09,335.14,79.06
ANANDRATHI,2025-09-30,2826.8,393.07,346.73,79.41
ANANDRATHI,2025-10-31,3088.4,432.16,363.82,81.96
ANANDRATHI,2025-11-28,2888.9,441.95,379.44,74.37
ANANDRATHI,2025-12-31,3030.5,455.88,394.73,76.07
BOSCHLTD,2022-12-30,17264.2,0.0,0.0,
BOSCHLTD,2023-01-31,17028.6,-18.79,-3.76,0.0
BOSCHLTD,2023-02-28,17996.25,43.89,5.77,24.01
BOSCHLTD,2023-03-31,19369.9,202.07,45.03,44.41
BOSCHLTD,2023-04-28,19371.85,323.86,100.8,44.43
BOSCHLTD,2023-05-31,18568.4,351.5,150.94,37.59
BOSCHLTD,2023-06-30,19042.35,406.95,202.14,43.15
BOSCHLTD,2023-07-31,18970.3,440.01,249.71,42.53
BOSCHLTD,2023-08-31,18573.85,429.28,285.63,39.19
BOSCHLTD,2023-09-29,19019.7,451.54,318.81,44.47
BOSCHLTD,2023-10-31,19450.95,498.24,354.69,49.08
BOSCHLTD,2023-11-30,21599.55,700.54,423.86,64.76
BOSCHLTD,2023-12-29,22203.8,899.26,518.94,67.77
BOSCHLTD,2024-01-31,23568.15,1153.55,645.86,73.31
BOSCHLTD,2024-02-29,28590.85,1740.3,864.75,84.12
BOSCHLTD,2024-03-29,30031.3,2295.08,1150.82,85.89
BOSCHLTD,2024-04-30,29356.05,2649.71,1450.59,81.32
BOSCHLTD,2024-05-31,30393.75,2980.14,1756.5,82.83
BOSCHLTD,2024-06-28,34084.4,3499.48,2105.1,86.89
BOSCHLTD,2024-07-31,34978.45,3937.8,2471.64,87.65
BOSCHLTD,2024-08-30,32389.6,4029.83,2783.28,74.21
BOSCHLTD,2024-09-30,37678.9,4477.94,3122.21,80.72
BOSCHLTD,2024-10-31,35121.6,4573.99,3412.57,71.34
BOSCHLTD,2024-11-29,34966.2,4584.73,3647.0,70.8
BOSCHLTD,2024-12-31,34100.2,4471.81,3811.96,67.74
BOSCHLTD,2025-01-31,28729.15,3903.92,3830.35,52.54
BOSCHLTD,2025-02-28,26544.0,3240.19,3712.32,47.84
BOSCHLTD,2025-03-31,28358.45,2827.99,3535.45,51.7
BOSCHLTD,2025-04-30,29455.0,2560.28,3340.42,53.92
BOSCHLTD,2025-05-30,31415.0,2477.72,3167.88,57.67
BOSCHLTD,2025-06-30,32680.0,2485.71,3031.45,59.94
BOSCHLTD,2025-07-31,40385.0,3078.29,3040.81,70.35
BOSCHLTD,2025-08-29,39960.0,3473.57,3127.37,69.28
BOSCHLTD,2025-09-30,38145.0,3598.9,3221.67,64.75
BOSCHLTD,2025-10-31,37245.0,3584.28,3294.19,62.57
BOSCHLTD,2025-11-28,36110.0,3441.44,3323.64,59.83
BOSCHLTD,2025-12-31,36305.0,3305.86,3320.09,60.15
CARTRADE,2022-12-30,468.65,0.0,0.0,
CARTRADE,2023-01-31,501.5,2.62,0.52,100.0
CARTRADE,2023-02-28,468.35,2.0,0.82,92.8
CARTRADE,2023-03-31,389.05,-4.84,-0.31,78.27
CARTRADE,2023-04-28,423.5,-7.39,-1.73,79.75
CARTRADE,2023-05-31,417.0,-9.82,-3.35,78.66
CARTRADE,2023-06-30,482.5,-6.39,-3.96,81.42
CARTRADE,2023-07-31,501.4,-2.12,-3.59,82.14
CARTRADE,2023-08-31,550.05,5.13,-1.85,83.86
CARTRADE,2023-09-29,550.3,10.77,0.68,83.87
CARTRADE,2023-10-31,672.85,24.84,5.51,87.42
CARTRADE,2023-11-30,765.65,42.98,13.0,89.34
CARTRADE,2023-12-29,713.7,52.57,20.92,81.83
CARTRADE,2024-01-31,729.4,60.73,28.88,82.31
CARTRADE,2024-02-29,789.65,71.24,37.35,84.07
CARTRADE,2024-03-29,638.05,66.56,43.19,66.27
CARTRADE,2024-04-30,701.75,67.23,48.0,69.22
CARTRADE,2024-05-31,869.65,80.37,54.47,75.34
CARTRADE,2024-06-28,779.65,82.58,60.09,67.58
CARTRADE,2024-07-31,867.75,90.39,66.15,70.75
CARTRADE,2024-08-30,848.2,93.92,71.71,69.14
CARTRADE,2024-09-30,964.45,104.89,78.35,73.08
CARTRADE,2024-10-31,1080.85,121.58,86.99,76.34
CARTRADE,2024-11-29,1355.6,155.18,100.63,81.91
CARTRADE,2024-12-31,1485.7,190.12,118.53,83.84
CARTRADE,2025-01-31,1651.4,228.55,140.53,85.91
CARTRADE,2025-02-28,1528.55,246.25,161.68,77.94
CARTRADE,2025-03-31,1644.95,266.59,182.66,79.85
CARTRADE,2025-04-30,1704.3,284.23,202.97,80.76
CARTRADE,2025-05-30,1553.0,282.74,218.93,71.82
CARTRADE,2025-06-30,1700.7,290.14,233.17,74.76
CARTRADE,2025-07-31,2186.5,331.37,252.81,81.57
CARTRADE,2025-08-29,2398.0,376.78,277.6,83.64
CARTRADE,2025-09-30,2450.1,412.22,304.53,84.11
CARTRADE,2025-10-31,3019.5,480.7,339.76,88.14
CARTRADE,2025-11-28,3087.7,534.33,378.67,88.52
CARTRADE,2025-12-31,2792.9,546.73,412.29,77.13
CEATLTD,2022-12-30,1642.5,0.0,0.0,
CEATLTD,2023-01-31,1573.15,-5.53,-1.11,0.0
CEATLTD,2023-02-28,1383.6,-24.92,-5.87,0.0
CEATLTD,2023-03-31,1450.55,-34.49,-11.59,6.2
CEATLTD,2023-04-28,1557.2,-33.09,-15.89,15.21
CEATLTD,2023-05-31,1927.8,-2.05,-13.12,37.64
CEATLTD,2023-06-30,2077.4,34.23,-3.65,44.07
CEATLTD,2023-07-31,2471.45,93.7,15.82,56.73
CEATLTD,2023-08-31,2253.1,121.8,37.01,49.98
CEATLTD,2023-09-29,2122.05,131.98,56.01,46.41
CEATLTD,2023-10-31,2108.6,137.37,72.28,46.05
CEATLTD,2023-11-30,2099.9,139.34,85.69,45.8
CEATLTD,2023-12-29,2427.0,165.39,101.63,55.56
CEATLTD,2024-01-31,2650.5,201.74,121.65,60.76
CEATLTD,2024-02-29,2855.4,244.27,146.18,64.83
CEATLTD,2024-03-29,2682.4,261.0,169.14,59.25
CEATLTD,2024-04-30,2569.0,262.09,187.73,55.85
CEATLTD,2024-05-31,2358.2,243.15,198.81,50.11
CEATLTD,2024-06-28,2821.85,262.52,211.55,59.88
CEATLTD,2024-07-31,2688.85,264.09,222.06,56.47
CEATLTD,2024-08-30,2756.3,267.69,231.19,57.78
CEATLTD,2024-09-30,3154.8,299.26,244.8,64.59
CEATLTD,2024-10-31,2805.9,292.74,254.39,56.06
CEATLTD,2024-11-29,3078.15,306.02,264.72,60.45
CEATLTD,2024-12-31,3232.35,325.24,276.82,62.72
CEATLTD,2025-01-31,2856.65,306.62,282.78,54.51
CEATLTD,2025-02-28,2532.5,262.68,278.76,48.6
CEATLTD,2025-03-31,2879.5,252.94,273.59,54.31
CEATLTD,2025-04-30,3332.0,278.52,274.58,60.48
CEATLTD,2025-05-30,3778.7,331.02,285.87,65.44
CEATLTD,2025-06-30,3684.0,360.83,300.86,63.62
CEATLTD,2025-07-31,3313.3,350.5,310.79,56.93
CEATLTD,2025-08-29,3132.2,323.97,313.43,53.95
CEATLTD,2025-09-30,3383.4,319.53,314.65,57.29
CEATLTD,2025-10-31,4032.7,364.2,324.56,64.47
CEATLTD,2025-11-28,3847.0,380.24,335.69,61.3
CEATLTD,2025-12-31,3903.2,392.96,347.15,61.91
CSBBANK,2022-12-30,237.8,0.0,0.0,
CSBBANK,2023-01-31,248.35,0.84,0.17,100.0
CSBBANK,2023-02-28,229.05,-0.05,0.13,87.66
CSBBANK,2023-03-31,245.1,0.54,0.21,88.89
CSBBANK,2023-04-28,279.5,3.73,0.91,90.97
CSBBANK,2023-05-31,278.3,6.1,1.95,90.33
CSBBANK,2023-06-30,284.25,8.35,3.23,90.68
CSBBANK,2023-07-31,297.95,11.12,4.81,91.44
CSBBANK,2023-08-31,330.3,15.74,7.0,92.91
CSBBANK,2023-09-29,336.3,19.66,9.53,93.15
CSBBANK,2023-10-31,330.4,22.04,12.03,89.98
CSBBANK,2023-11-30,388.1,28.25,15.28,92.62
CSBBANK,2023-12-29,418.65,35.24,19.27,93.59
CSBBANK,2024-01-31,382.25,37.4,22.9,80.15
CSBBANK,2024-02-29,349.7,36.08,25.53,70.42
CSBBANK,2024-03-29,354.5,35.01,27.43,70.98
CSBBANK,2024-04-30,372.85,35.24,28.99,73.07
CSBBANK,2024-05-31,329.8,31.58,29.51,61.79
CSBBANK,2024-06-28,378.15,32.22,30.05,67.8
CSBBANK,2024-07-31,328.0,28.34,29.71,57.67
CSBBANK,2024-08-30,323.65,24.64,28.69,56.87
CSBBANK,2024-09-30,313.35,20.63,27.08,54.94
CSBBANK,2024-10-31,314.0,17.31,25.13,55.05
CSBBANK,2024-11-29,307.55,14.0,22.9,53.73
CSBBANK,2024-12-31,313.1,11.69,20.66,54.73
CSBBANK,2025-01-31,306.1,9.18,18.37,53.16
CSBBANK,2025-02-28,282.75,5.26,15.74,48.19
CSBBANK,2025-03-31,302.25,3.67,13.33,52.21
CSBBANK,2025-04-30,353.25,6.46,11.96,60.78
CSBBANK,2025-05-30,364.85,9.49,11.46,62.43
CSBBANK,2025-06-30,394.3,14.11,11.99,66.3
CSBBANK,2025-07-31,420.2,19.64,13.52,69.3
CSBBANK,2025-08-29,362.6,19.15,14.65,57.13
CSBBANK,2025-09-30,371.5,19.25,15.57,58.34
CSBBANK,2025-10-31,413.35,22.46,16.95,63.58
CSBBANK,2025-11-28,412.2,24.62,18.48,63.35
CSBBANK,2025-12-31,412.7,26.07,20.0,63.41
DCMSHRIRAM,2022-12-30,898.9,0.0,0.0,
DCMSHRIRAM,2023-01-31,863.85,-2.8,-0.56,0.0
DCMSHRIRAM,2023-02-28,815.25,-8.83,-2.21,0.0
DCMSHRIRAM,2023-03-31,747.4,-18.87,-5.55,0.0
DCMSHRIRAM,2023-04-28,817.4,-20.94,-8.62,12.33
DCMSHRIRAM,2023-05-31,860.85,-18.86,-10.67,19.0
DCMSHRIRAM,2023-06-30,902.75,-13.66,-11.27,24.94
DCMSHRIRAM,2023-07-31,838.3,-14.58,-11.93,22.24
DCMSHRIRAM,2023-08-31,932.1,-7.65,-11.08,33.52
DCMSHRIRAM,2023-09-29,1089.55,10.42,-6.78,47.33
DCMSHRIRAM,2023-10-31,926.5,11.46,-3.13,38.43
DCMSHRIRAM,2023-11-30,959.6,14.78,0.45,40.86
DCMSHRIRAM,2023-12-29,1028.4,22.7,4.9,45.66
DCMSHRIRAM,2024-01-31,1039.95,29.57,9.84,46.45
DCMSHRIRAM,2024-02-29,954.1,27.77,13.42,41.63
DCMSHRIRAM,2024-03-29,854.25,18.08,14.35,36.84
DCMSHRIRAM,2024-04-30,965.9,19.18,15.32,44.52
DCMSHRIRAM,2024-05-31,998.2,22.4,16.74,46.55
DCMSHRIRAM,2024-06-28,1005.3,25.24,18.44,47.01
DCMSHRIRAM,2024-07-31,1059.6,31.51,21.05,50.5
DCMSHRIRAM,2024-08-30,1152.65,43.48,25.54,55.88
DCMSHRIRAM,2024-09-30,1035.35,43.01,29.03,48.7
DCMSHRIRAM,2024-10-31,1048.15,43.17,31.86,49.46
DCMSHRIRAM,2024-11-29,1153.5,51.21,35.73,55.35
DCMSHRIRAM,2024-12-31,1151.95,56.8,39.94,55.24
DCMSHRIRAM,2025-01-31,1169.25,61.91,44.34,56.21
DCMSHRIRAM,2025-02-28,958.0,48.36,45.14,43.76
DCMSHRIRAM,2025-03-31,1079.15,46.86,45.49,50.53
DCMSHRIRAM,2025-04-30,999.9,38.82,44.15,46.58
DCMSHRIRAM,2025-05-30,1075.25,38.1,42.94,50.54
DCMSHRIRAM,2025-06-30,1232.8,49.66,44.29,57.61
DCMSHRIRAM,2025-07-31,1429.6,73.86,50.2,64.45
DCMSHRIRAM,2025-08-29,1241.1,76.93,55.55,55.25
DCMSHRIRAM,2025-09-30,1147.9,71.03,58.64,51.35
DCMSHRIRAM,2025-10-31,1281.2,76.23,62.16,56.12
DCMSHRIRAM,2025-11-28,1216.0,74.24,64.58,53.37
DCMSHRIRAM,2025-12-31,1249.4,74.49,66.56,54.6
EICHERMOT,2022-12-30,3227.75,0.0,0.0,
EICHERMOT,2023-01-31,3263.35,2.84,0.57,100.0
EICHERMOT,2023-02-28,3105.9,-7.53,-1.05,74.62
EICHERMOT,2023-03-31,2948.85,-28.09,-6.46,58.63
EICHERMOT,2023-04-28,3301.1,-15.79,-8.32,72.74
EICHERMOT,2023-05-31,3671.95,23.62,-1.94,80.34
EICHERMOT,2023-06-30,3580.1,46.9,7.83,74.78
EICHERMOT,2023-07-31,3365.5,47.48,15.76,63.68
EICHERMOT,2023-08-31,3336.6,45.09,21.63,62.34
EICHERMOT,2023-09-29,3446.95,51.51,27.6,65.34
EICHERMOT,2023-10-31,3295.55,43.87,30.86,58.46
EICHERMOT,2023-11-30,3896.9,85.36,41.76,71.36
EICHERMOT,2023-12-29,4143.5,136.56,60.72,74.82
EICHERMOT,2024-01-31,3839.6,150.88,78.75,64.49
EICHERMOT,2024-02-29,3792.4,156.62,94.32,63.04
EICHERMOT,2024-03-29,4019.3,177.42,110.94,66.9
EICHERMOT,2024-04-30,4597.4,237.82,136.32,74.28
EICHERMOT,2024-05-31,4733.45,293.28,167.71,75.66
EICHERMOT,2024-06-28,4672.95,328.56,199.88,73.77
EICHERMOT,2024-07-31,4962.7,375.58,235.02,76.76
EICHERMOT,2024-08-30,4960.5,407.96,269.61,76.69
EICHERMOT,2024-09-30,5026.25,433.92,302.47,77.37
EICHERMOT,2024-10-31,4894.65,438.82,329.74,72.8
EICHERMOT,2024-11-29,4831.85,432.65,350.32,70.65
EICHERMOT,2024-12-31,4821.9,422.09,364.68,70.3
EICHERMOT,2025-01-31,5194.3,438.71,379.48,75.28
EICHERMOT,2025-02-28,4773.6,413.18,386.22,62.52
EICHERMOT,2025-03-31,5347.7,434.26,395.83,70.0
EICHERMOT,2025-04-30,5567.0,463.32,409.33,72.27
EICHERMOT,2025-05-30,5333.5,462.18,419.9,66.49
EICHERMOT,2025-06-30,5656.5,481.79,432.28,70.06
EICHERMOT,2025-07-31,5468.5,476.67,441.16,65.67
EICHERMOT,2025-08-29,6103.0,517.84,456.49,72.03
EICHERMOT,2025-09-30,7005.5,616.18,488.43,78.22
EICHERMOT,2025-10-31,7007.0,686.33,528.01,78.23
EICHERMOT,2025-11-28,7053.5,737.18,569.85,78.51
EICHERMOT,2025-12-31,7303.0,788.52,613.58,80.01
ETERNAL,2022-12-30,59.3,0.0,0.0,
ETERNAL,2023-01-31,49.75,-0.76,-0.15,0.0
ETERNAL,2023-02-28,53.5,-1.05,-0.33,2.93
ETERNAL,2023-03-31,51.0,-1.46,-0.56,2.87
ETERNAL,2023-04-28,64.9,-0.66,-0.58,13.54
ETERNAL,2023-05-31,69.05,0.3,-0.4,16.49
ETERNAL,2023-06-30,75.05,1.54,-0.02,20.71
ETERNAL,2023-07-31,86.8,3.42,0.67,28.33
ETERNAL,2023-08-31,97.6,5.72,1.68,34.56
ETERNAL,2023-09-29,101.5,7.77,2.9,36.7
ETERNAL,2023-10-31,105.1,9.57,4.23,38.69
ETERNAL,2023-11-30,118.55,11.95,5.78,45.59
ETERNAL,2023-12-29,123.7,14.08,7.44,48.0
ETERNAL,2024-01-31,139.55,16.86,9.32,54.65
ETERNAL,2024-02-29,165.45,20.91,11.64,62.99
ETERNAL,2024-03-29,182.1,25.17,14.35,67.17
ETERNAL,2024-04-30,193.15,29.11,17.3,69.62
ETERNAL,2024-05-31,179.15,30.74,19.99,63.19
ETERNAL,2024-06-28,200.56,33.38,22.67,68.05
ETERNAL,2024-07-31,229.45,37.37,25.61,73.2
ETERNAL,2024-08-30,250.53,41.76,28.84,76.21
ETERNAL,2024-09-30,273.3,46.53,32.38,78.96
ETERNAL,2024-10-31,241.75,47.22,35.35,67.34
ETERNAL,2024-11-29,279.76,50.26,38.33,72.58
ETERNAL,2024-12-31,278.05,51.93,41.05,72.02
ETERNAL,2025-01-31,220.35,48.04,42.45,56.26
ETERNAL,2025-02-28,222.1,44.59,42.88,56.57
ETERNAL,2025-03-31,201.7,39.75,42.25,51.95
ETERNAL,2025-04-30,232.52,37.96,41.39,57.59
ETERNAL,2025-05-30,238.31,36.59,40.43,58.57
ETERNAL,2025-06-30,264.15,37.16,39.78,62.73
ETERNAL,2025-07-31,307.8,40.67,39.96,68.48
ETERNAL,2025-08-29,313.95,43.44,40.66,69.21
ETERNAL,2025-09-30,325.5,46.04,41.73,70.57
ETERNAL,2025-10-31,317.75,46.94,42.77,68.38
ETERNAL,2025-11-28,300.1,45.69,43.36,63.55
ETERNAL,2025-12-31,284.35,42.94,43.27,59.51
FEDERALBNK,2022-12-30,139.05,0.0,0.0,
FEDERALBNK,2023-01-31,134.45,-0.37,-0.07,0.0
FEDERALBNK,2023-02-28,129.15,-1.07,-0.27,0.0
FEDERALBNK,2023-03-31,132.3,-1.36,-0.49,4.95
FEDERALBNK,2023-04-28,134.95,-1.36,-0.67,9.03
FEDERALBNK,2023-05-31,125.25,-2.12,-0.96,7.73
FEDERALBNK,2023-06-30,126.15,-2.62,-1.29,9.04
FEDERALBNK,2023-07-31,135.65,-2.22,-1.48,21.73
FEDERALBNK,2023-08-31,143.95,-1.22,-1.43,30.81
FEDERALBNK,2023-09-29,147.2,-0.17,-1.17,34.04
FEDERALBNK,2023-10-31,140.65,0.14,-0.91,30.91
FEDERALBNK,2023-11-30,147.35,0.91,-0.55,37.26
FEDERALBNK,2023-12-29,156.15,2.21,0.0,44.48
FEDERALBNK,2024-01-31,147.3,2.49,0.5,39.55
FEDERALBNK,2024-02-29,150.4,2.94,0.99,41.98
FEDERALBNK,2024-03-29,150.2,3.23,1.44,41.86
FEDERALBNK,2024-04-30,162.6,4.42,2.03,50.97
FEDERALBNK,2024-05-31,162.05,5.25,2.68,50.59
FEDERALBNK,2024-06-28,177.25,7.06,3.55,59.53
FEDERALBNK,2024-07-31,201.39,10.32,4.91,69.09
FEDERALBNK,2024-08-30,194.7,12.22,6.37,64.54
FEDERALBNK,2024-09-30,196.73,13.74,7.84,65.29
FEDERALBNK,2024-10-31,203.91,15.34,9.34,67.87
FEDERALBNK,2024-11-29,210.78,16.97,10.87,70.15
FEDERALBNK,2024-12-31,200.02,17.19,12.13,62.64
FEDERALBNK,2025-01-31,187.21,16.15,12.94,55.07
FEDERALBNK,2025-02-28,177.62,14.38,13.23,50.19
FEDERALBNK,2025-03-31,192.73,14.04,13.39,56.71
FEDERALBNK,2025-04-30,196.68,13.93,13.5,58.24
FEDERALBNK,2025-05-30,202.06,14.11,13.62,60.31
FEDERALBNK,2025-06-30,213.12,14.98,13.89,64.23
FEDERALBNK,2025-07-31,202.43,14.63,14.04,58.24
FEDERALBNK,2025-08-29,191.71,13.34,13.9,52.91
FEDERALBNK,2025-09-30,192.93,12.27,13.57,53.44
FEDERALBNK,2025-10-31,236.61,14.78,13.81,67.38
FEDERALBNK,2025-11-28,257.92,18.27,14.71,71.82
FEDERALBNK,2025-12-31,265.45,21.4,16.04,73.21
FORCEMOT,2022-12-30,1386.0,0.0,0.0,
FORCEMOT,2023-01-31,1448.4,4.98,1.0,100.0
FORCEMOT,2023-02-28,1208.65,-10.3,-1.26,77.19
FORCEMOT,2023-03-31,1165.35,-25.61,-6.13,73.91
FORCEMOT,2023-04-28,1342.9,-23.15,-9.54,78.03
FORCEMOT,2023-05-31,1788.95,14.62,-4.71,84.61
FORCEMOT,2023-06-30,2733.85,119.43,20.12,90.85
FORCEMOT,2023-07-31,2549.55,185.47,53.19,83.72
FORCEMOT,2023-08-31,3431.9,305.5,103.65,88.41
FORCEMOT,2023-09-29,3831.6,427.93,168.51,89.84
FORCEMOT,2023-10-31,3352.35,480.75,230.96,77.5
FORCEMOT,2023-11-30,3352.35,516.66,288.1,77.5
FORCEMOT,2023-12-29,3352.35,538.9,338.26,77.5
FORCEMOT,2024-02-29,6748.65,821.11,434.83,89.85
FORCEMOT,2024-03-29,7244.0,1072.38,562.34,90.65
FORCEMOT,2024-04-30,9522.05,1438.74,737.62,93.29
FORCEMOT,2024-05-31,8734.7,1646.58,919.41,84.42
FORCEMOT,2024-06-28,8965.4,1809.05,1097.34,84.88
FORCEMOT,2024-07-31,9244.75,1938.01,1265.47,85.43
FORCEMOT,2024-08-30,8329.4,1943.94,1401.17,75.67
FORCEMOT,2024-09-30,7481.7,1858.81,1492.7,67.92
FORCEMOT,2024-10-31,7863.5,1801.39,1554.44,69.44
FORCEMOT,2024-11-29,6892.3,1658.4,1575.23,61.48
FORCEMOT,2024-12-31,6512.5,1497.17,1559.62,58.64
FORCEMOT,2025-01-31,6311.3,1337.74,1515.24,57.14
FORCEMOT,2025-02-28,6671.15,1226.3,1457.45,59.16
FORCEMOT,2025-03-31,9045.75,1314.43,1428.85,69.38
FORCEMOT,2025-04-30,8914.0,1357.99,1414.68,68.36
FORCEMOT,2025-05-30,12649.5,1674.64,1466.67,78.18
FORCEMOT,2025-06-30,16077.0,2177.05,1608.75,83.3
FORCEMOT,2025-07-31,16944.0,2615.04,1810.0,84.31
FORCEMOT,2025-08-29,19477.0,3130.45,2074.09,86.8
FORCEMOT,2025-09-30,16795.0,3284.64,2316.2,73.48
FORCEMOT,2025-10-31,17654.0,3436.53,2540.27,74.81
FORCEMOT,2025-11-28,17818.0,3529.46,2738.11,75.07
FORCEMOT,2025-12-31,18453.0,3612.7,2913.03,76.09
FORTIS,2022-12-30,286.1,0.0,0.0,
FORTIS,2023-01-31,281.65,-0.35,-0.07,0.0
FORTIS,2023-02-28,267.25,-1.78,-0.41,0.0
FORTIS,2023-03-31,259.9,-3.46,-1.02,0.0
FORTIS,2023-04-28,260.8,-4.66,-1.75,1.29
FORTIS,2023-05-31,274.7,-4.45,-2.29,18.67
FORTIS,2023-06-30,315.05,-1.01,-2.03,47.55
FORTIS,2023-07-31,345.85,4.16,-0.8,59.4
FORTIS,2023-08-31,331.65,7.02,0.77,53.41
FORTIS,2023-09-29,339.95,9.85,2.58,56.19
FORTIS,2023-10-31,322.95,10.6,4.19,49.65
FORTIS,2023-11-30,386.0,16.09,6.57,65.63
FORTIS,2023-12-29,419.2,22.86,9.83,70.87
FORTIS,2024-01-31,431.9,28.91,13.64,72.59
FORTIS,2024-02-29,408.0,31.42,17.2,64.83
FORTIS,2024-03-29,420.2,34.0,20.56,66.78
FORTIS,2024-04-30,438.55,37.1,23.87,69.52
FORTIS,2024-05-31,475.1,42.02,27.5,74.11
FORTIS,2024-06-28,475.35,45.42,31.08,74.13
FORTIS,2024-07-31,501.9,49.68,34.8,77.04
FORTIS,2024-08-30,551.8,56.43,39.13,81.29
FORTIS,2024-09-30,615.1,66.13,44.53,85.07
FORTIS,2024-10-31,624.7,73.74,50.37,85.55
FORTIS,2024-11-29,659.2,81.61,56.62,87.14
FORTIS,2024-12-31,719.85,91.69,63.63,89.36
FORTIS,2025-01-31,640.2,92.19,69.34,71.84
FORTIS,2025-02-28,612.7,89.33,73.34,66.96
FORTIS,2025-03-31,698.35,92.91,77.25,73.09
FORTIS,2025-04-30,685.55,93.63,80.53,70.97
FORTIS,2025-05-30,706.3,94.79,83.38,72.37
FORTIS,2025-06-30,794.5,101.65,87.03,77.36
FORTIS,2025-07-31,857.45,110.88,91.8,80.13
FORTIS,2025-08-29,911.5,121.17,97.68,82.14
FORTIS,2025-09-30,969.8,132.5,104.64,84.02
FORTIS,2025-10-31,1023.05,144.11,112.54,85.52
FORTIS,2025-11-28,919.1,143.28,118.68,71.43
FORTIS,2025-12-31,901.6,139.59,122.87,69.35
FOSECOIND,2022-12-30,1935.95,0.0,0.0,
FOSECOIND,2023-01-31,1957.9,1.75,0.35,100.0
FOSECOIND,2023-02-28,2242.15,25.78,5.44,100.0
FOSECOIND,2023-03-31,2199.1,40.87,12.52,92.47
FOSECOIND,2023-04-28,2396.05,67.95,23.61,94.51
FOSECOIND,2023-05-31,2763.4,117.69,42.42,96.44
FOSECOIND,2023-06-30,2554.45,138.65,61.67,79.33
FOSECOIND,2023-07-31,3350.25,216.98,92.73,88.04
FOSECOIND,2023-08-31,3660.65,300.63,134.31,89.84
FOSECOIND,2023-09-29,3398.9,341.87,175.82,79.05
FOSECOIND,2023-10-31,3338.35,365.45,213.75,76.75
FOSECOIND,2023-11-30,3475.3,390.68,249.13,78.29
FOSECOIND,2023-12-29,3832.55,434.5,286.21,81.69
FOSECOIND,2024-01-31,3701.9,453.45,319.66,76.94
FOSECOIND,2024-02-29,3476.5,445.16,344.76,69.45
FOSECOIND,2024-03-29,2912.1,388.56,353.52,55.0
FOSECOIND,2024-04-30,3714.25,403.78,363.57,65.87
FOSECOIND,2024-05-31,3624.0,403.9,371.64,63.99
FOSECOIND,2024-06-28,4203.95,445.66,386.44,69.91
FOSECOIND,2024-07-31,4756.7,517.39,412.63,74.26
FOSECOIND,2024-08-30,4897.3,578.91,445.89,75.24
FOSECOIND,2024-09-30,4717.05,606.13,477.94,71.48
FOSECOIND,2024-10-31,4667.35,616.59,505.67,70.44
FOSECOIND,2024-11-29,4426.15,598.51,524.24,65.44
FOSECOIND,2024-12-31,4035.65,546.38,528.67,58.24
FOSECOIND,2025-01-31,3838.0,483.54,519.64,54.95
FOSECOIND,2025-02-28,3513.15,402.88,496.29,49.95
FOSECOIND,2025-03-31,3434.25,328.81,462.79,48.78
FOSECOIND,2025-04-30,3664.7,285.4,427.32,52.28
FOSECOIND,2025-05-30,4615.2,323.97,406.65,63.37
FOSECOIND,2025-06-30,4989.3,380.34,401.38,66.65
FOSECOIND,2025-07-31,5412.6,453.93,411.89,69.94
FOSECOIND,2025-08-29,6233.0,571.86,443.89,75.06
FOSECOIND,2025-09-30,5358.0,587.94,472.7,62.77
FOSECOIND,2025-10-31,5708.0,621.76,502.51,65.22
FOSECOIND,2025-11-28,5185.5,599.49,521.91,58.97
FOSECOIND,2025-12-31,4986.0,559.3,529.38,56.74
GANECOS,2022-12-30,924.4,0.0,0.0,
GANECOS,2023-01-31,901.15,-1.85,-0.37,0.0
GANECOS,2023-02-28,889.35,-4.23,-1.14,0.0
GANECOS,2023-03-31,844.35,-9.63,-2.84,0.0
GANECOS,2023-04-28,996.8,-1.59,-2.59,32.78
GANECOS,2023-05-31,985.6,3.83,-1.3,31.95
GANECOS,2023-06-30,1080.7,15.63,2.08,44.73
GANECOS,2023-07-31,1027.7,20.46,5.76,40.2
GANECOS,2023-08-31,1044.35,25.34,9.67,42.18
GANECOS,2023-09-29,985.7,24.2,12.58,37.47
GANECOS,2023-10-31,872.65,14.01,12.86,30.42
GANECOS,2023-11-30,999.4,15.98,13.49,43.3
GANECOS,2023-12-29,980.45,15.82,13.95,42.05
GANECOS,2024-01-31,1130.5,27.49,16.66,53.52
GANECOS,2024-02-29,1071.1,31.59,19.65,49.36
GANECOS,2024-03-29,985.0,27.56,21.23,44.01
GANECOS,2024-04-30,1077.65,31.49,23.28,50.25
GANECOS,2024-05-31,1157.7,40.59,26.74,54.93
GANECOS,2024-06-28,1400.65,66.64,34.72,65.52
GANECOS,2024-07-31,1608.35,102.86,48.35,71.66
GANECOS,2024-08-30,1814.8,146.53,67.99,76.19
GANECOS,2024-09-30,1876.55,184.0,91.19,77.36
GANECOS,2024-10-31,2103.7,229.39,118.83,81.04
GANECOS,2024-11-29,2399.05,285.89,152.24,84.56
GANECOS,2024-12-31,2016.55,296.39,181.07,67.18
GANECOS,2025-01-31,1726.45,278.09,200.47,57.53
GANECOS,2025-02-28,1312.4,227.56,205.89,47.12
GANECOS,2025-03-31,1557.05,204.89,205.69,52.58
GANECOS,2025-04-30,1444.9,175.85,199.72,50.03
GANECOS,2025-05-30,1534.3,158.23,191.42,52.03
GANECOS,2025-06-30,1494.9,139.47,181.03,51.06
GANECOS,2025-07-31,1484.9,122.39,169.3,50.8
GANECOS,2025-08-29,1330.9,95.33,154.51,46.86
GANECOS,2025-09-30,1178.2,60.86,135.78,43.28
GANECOS,2025-10-31,1220.2,36.51,115.92,44.54
GANECOS,2025-11-28,917.2,-7.16,91.31,38.0
GANECOS,2025-12-31,863.55,-45.57,63.93,36.97
GHCL,2022-12-30,510.4,0.0,0.0,
GHCL,2023-01-31,491.45,-1.51,-0.3,0.0
GHCL,2023-02-28,514.6,-0.83,-0.41,8.59
GHCL,2023-03-31,503.55,-1.17,-0.56,8.23
GHCL,2023-04-28,484.65,-2.93,-1.04,7.63
GHCL,2023-05-31,484.35,-4.3,-1.69,7.62
GHCL,2023-06-30,515.25,-2.86,-1.92,18.74
GHCL,2023-07-31,531.25,-0.42,-1.62,23.85
GHCL,2023-08-31,621.5,8.69,0.44,44.91
GHCL,2023-09-29,615.55,15.26,3.4,44.04
GHCL,2023-10-31,581.3,17.5,6.22,39.35
GHCL,2023-11-30,551.3,16.66,8.31,35.75
GHCL,2023-12-29,581.0,18.18,10.28,41.45
GHCL,2024-01-31,584.55,19.45,12.12,42.12
GHCL,2024-02-29,510.55,14.32,12.56,33.6
GHCL,2024-03-29,443.25,4.77,11.0,28.04
GHCL,2024-04-30,513.25,2.81,9.36,39.29
GHCL,2024-05-31,503.95,0.51,7.59,38.43
GHCL,2024-06-28,563.5,3.45,6.76,46.5
GHCL,2024-07-31,560.0,5.43,6.5,46.11
GHCL,2024-08-30,698.15,17.95,8.79,60.08
GHCL,2024-09-30,681.9,26.25,12.28,58.17
GHCL,2024-10-31,596.65,25.65,14.95,49.31
GHCL,2024-11-29,601.6,25.29,17.02,49.79
GHCL,2024-12-31,723.5,34.44,20.51,59.83
GHCL,2025-01-31,731.05,41.82,24.77,60.36
GHCL,2025-02-28,578.0,34.92,26.8,46.89
GHCL,2025-03-31,614.85,32.05,27.85,49.79
GHCL,2025-04-30,582.4,26.85,27.65,47.34
GHCL,2025-05-30,612.7,24.89,27.1,49.83
GHCL,2025-06-30,613.25,23.11,26.3,49.87
GHCL,2025-07-31,596.8,20.14,25.07,48.43
GHCL,2025-08-29,552.0,14.01,22.86,44.65
GHCL,2025-09-30,604.95,13.27,20.94,49.65
GHCL,2025-10-31,640.2,15.36,19.82,52.72
GHCL,2025-11-28,575.2,11.63,18.18,47.03
GHCL,2025-12-31,571.35,8.27,16.2,46.71
GPIL,2022-12-30,373.05,0.0,0.0,
GPIL,2023-01-31,399.25,2.09,0.42,100.0
GPIL,2023-02-28,342.0,-0.86,0.16,85.61
GPIL,2023-03-31,348.9,-2.62,-0.39,85.87
GPIL,2023-04-28,357.0,-3.31,-0.98,86.19
GPIL,2023-05-31,359.6,-3.62,-1.51,86.3
GPIL,2023-06-30,528.55,9.67,0.73,91.13
GPIL,2023-07-31,567.85,23.1,5.2,91.85
GPIL,2023-08-31,619.3,37.46,11.65,92.68
GPIL,2023-09-29,633.55,49.43,19.21,92.9
GPIL,2023-10-31,615.95,56.83,26.73,89.37
GPIL,2023-11-30,686.85,67.64,34.91,90.87
GPIL,2023-12-29,756.85,80.93,44.12,92.07
GPIL,2024-01-31,152.32,42.19,43.73,41.54
GPIL,2024-02-29,148.34,11.04,37.19,41.38
GPIL,2024-03-29,151.46,-13.25,27.1,41.57
GPIL,2024-04-30,177.99,-30.0,15.68,43.27
GPIL,2024-05-31,193.42,-41.56,4.23,44.28
GPIL,2024-06-28,212.82,-48.59,-6.33,45.59
GPIL,2024-07-31,224.58,-52.61,-15.59,46.42
GPIL,2024-08-30,189.93,-57.92,-24.05,44.29
GPIL,2024-09-30,222.0,-58.87,-31.02,46.73
GPIL,2024-10-31,195.65,-61.04,-37.02,44.98
GPIL,2024-11-29,188.39,-62.62,-42.14,44.49
GPIL,2024-12-31,202.08,-62.06,-46.12,45.7
GPIL,2025-01-31,180.23,-62.65,-49.43,44.05
GPIL,2025-02-28,155.75,-64.35,-52.41,42.22
GPIL,2025-03-31,180.12,-63.01,-54.53,44.69
GPIL,2025-04-30,182.34,-61.07,-55.84,44.92
GPIL,2025-05-30,190.48,-58.19,-56.31,45.81
GPIL,2025-06-30,189.39,-55.37,-56.12,45.7
GPIL,2025-07-31,194.19,-52.14,-55.33,46.3
GPIL,2025-08-29,232.38,-45.97,-53.46,50.9
GPIL,2025-09-30,244.8,-39.62,-50.69,52.33
GPIL,2025-10-31,283.74,-31.09,-46.77,56.6
GPIL,2025-11-28,235.2,-27.93,-43.0,50.53
GPIL,2025-12-31,258.95,-23.23,-39.05,53.18
GRAVITA,2022-12-30,449.6,0.0,0.0,
GRAVITA,2023-01-31,518.65,5.51,1.1,100.0
GRAVITA,2023-02-28,457.2,4.86,1.85,93.59
GRAVITA,2023-03-31,484.65,6.48,2.78,93.78
GRAVITA,2023-04-28,508.4,9.58,4.14,93.95
GRAVITA,2023-05-31,615.15,20.41,7.39,94.65
GRAVITA,2023-06-30,606.95,28.01,11.52,93.75
GRAVITA,2023-07-31,672.25,38.85,16.98,94.23
GRAVITA,2023-08-31,782.05,55.66,24.72,94.92
GRAVITA,2023-09-29,910.15,78.42,35.46,95.58
GRAVITA,2023-10-31,995.15,102.14,48.8,95.96
GRAVITA,2023-11-30,1118.55,129.4,64.92,96.44
GRAVITA,2023-12-29,1096.15,147.49,81.43,94.26
GRAVITA,2024-01-31,931.75,146.88,94.52,80.0
GRAVITA,2024-02-29,952.6,146.38,104.89,80.4
GRAVITA,2024-03-29,998.75,148.01,113.52,81.3
GRAVITA,2024-04-30,977.95,145.94,120.0,79.53
GRAVITA,2024-05-31,1075.45,150.43,126.09,81.56
GRAVITA,2024-06-28,1476.2,184.2,137.71,87.2
GRAVITA,2024-07-31,1640.15,221.64,154.5,88.71
GRAVITA,2024-08-30,2277.15,299.26,183.45,92.46
GRAVITA,2024-09-30,2453.05,370.7,220.9,93.14
GRAVITA,2024-10-31,2119.8,395.86,255.89,78.71
GRAVITA,2024-11-29,2176.8,415.61,287.84,79.3
GRAVITA,2024-12-31,2179.5,426.56,315.58,79.33
GRAVITA,2025-01-31,2065.1,421.15,336.7,74.53
GRAVITA,2025-02-28,1594.7,374.59,344.28,58.77
GRAVITA,2025-03-31,1831.95,352.77,345.97,63.02
GRAVITA,2025-04-30,1752.5,325.32,341.84,60.76
GRAVITA,2025-05-30,1829.9,306.27,334.73,62.18
GRAVITA,2025-06-30,1880.7,291.92,326.17,63.13
GRAVITA,2025-07-31,1873.5,276.77,316.29,62.89
GRAVITA,2025-08-29,1619.7,241.5,301.33,54.97
GRAVITA,2025-09-30,1569.8,207.13,282.49,53.54
GRAVITA,2025-10-31,1667.1,185.61,263.11,55.94
GRAVITA,2025-11-28,1823.3,179.09,246.31,59.56
GRAVITA,2025-12-31,1845.1,173.68,231.78,60.05
GREAVESCOT,2022-12-30,140.25,0.0,0.0,
GREAVESCOT,2023-01-31,145.05,0.38,0.08,100.0
GREAVESCOT,2023-02-28,128.1,-0.67,-0.07,78.64
GREAVESCOT,2023-03-31,126.05,-1.66,-0.39,76.51
GREAVESCOT,2023-04-28,133.45,-1.82,-0.68,78.75
GREAVESCOT,2023-05-31,130.4,-2.17,-0.97,75.55
GREAVESCOT,2023-06-30,134.75,-2.07,-1.19,76.99
GREAVESCOT,2023-07-31,136.15,-1.86,-1.33,77.45
GREAVESCOT,2023-08-31,150.55,-0.52,-1.17,81.52
GREAVESCOT,2023-09-29,138.3,-0.45,-1.02,69.94
GREAVESCOT,2023-10-31,125.7,-1.39,-1.09,60.43
GREAVESCOT,2023-11-30,132.1,-1.6,-1.19,63.17
GREAVESCOT,2023-12-29,151.95,-0.16,-0.99,70.09
GREAVESCOT,2024-01-31,163.7,1.9,-0.41,73.29
GREAVESCOT,2024-02-29,151.25,2.51,0.17,65.32
GREAVESCOT,2024-03-29,126.6,0.98,0.34,53.02
GREAVESCOT,2024-04-30,141.45,0.96,0.46,58.14
GREAVESCOT,2024-05-31,121.85,-0.63,0.24,50.35
GREAVESCOT,2024-06-28,131.41,-1.1,-0.02,53.61
GREAVESCOT,2024-07-31,175.9,2.09,0.4,65.11
GREAVESCOT,2024-08-30,167.96,3.93,1.1,62.15
GREAVESCOT,2024-09-30,174.57,5.85,2.05,63.63
GREAVESCOT,2024-10-31,186.07,8.21,3.29,66.12
GREAVESCOT,2024-11-29,186.98,10.04,4.64,66.31
GREAVESCOT,2024-12-31,277.47,18.58,7.42,79.21
GREAVESCOT,2025-01-31,265.95,24.13,10.77,75.26
GREAVESCOT,2025-02-28,228.65,25.24,13.66,64.11
GREAVESCOT,2025-03-31,214.8,24.71,15.87,60.53
GREAVESCOT,2025-04-30,199.57,22.8,17.25,56.77
GREAVESCOT,2025-05-30,199.49,21.03,18.01,56.75
GREAVESCOT,2025-06-30,204.01,19.77,18.36,57.65
GREAVESCOT,2025-07-31,226.21,20.33,18.76,61.87
GREAVESCOT,2025-08-29,198.16,18.3,18.67,54.48
GREAVESCOT,2025-09-30,211.85,17.59,18.45,57.17
GREAVESCOT,2025-10-31,228.03,18.13,18.39,60.17
GREAVESCOT,2025-11-28,201.83,16.25,17.96,53.63
GREAVESCOT,2025-12-31,188.88,13.56,17.08,50.7
IONEXCHANG,2022-12-30,276.15,0.0,0.0,
IONEXCHANG,2023-01-31,261.78,-1.15,-0.23,0.0
IONEXCHANG,2023-02-28,337.09,3.98,0.61,28.73
IONEXCHANG,2023-03-31,341.39,8.29,2.15,29.97
IONEXCHANG,2023-04-28,328.06,10.51,3.82,28.33
IONEXCHANG,2023-05-31,381.55,16.39,6.33,42.05
IONEXCHANG,2023-06-30,412.9,23.32,9.73,48.29
IONEXCHANG,2023-07-31,529.65,37.79,15.34,63.9
IONEXCHANG,2023-08-31,566.85,51.67,22.61,67.29
IONEXCHANG,2023-09-29,518.2,58.07,29.7,59.43
IONEXCHANG,2023-10-31,531.95,63.52,36.47,60.82
IONEXCHANG,2023-11-30,582.8,71.13,43.4,65.53
IONEXCHANG,2023-12-29,562.2,74.63,49.64,62.27
IONEXCHANG,2024-01-31,510.2,72.38,54.19,54.84
IONEXCHANG,2024-02-29,484.5,67.74,56.9,51.56
IONEXCHANG,2024-03-29,506.65,65.09,58.54,54.11
IONEXCHANG,2024-04-30,567.9,67.17,60.27,60.31
IONEXCHANG,2024-05-31,510.1,63.42,60.9,53.03
IONEXCHANG,2024-06-28,574.5,64.9,61.7,58.97
IONEXCHANG,2024-07-31,695.5,74.96,64.35,67.34
IONEXCHANG,2024-08-30,648.95,78.29,67.14,62.09
IONEXCHANG,2024-09-30,638.45,79.16,69.54,60.94
IONEXCHANG,2024-10-31,702.0,84.01,72.43,65.16
IONEXCHANG,2024-11-29,662.5,83.7,74.69,60.77
IONEXCHANG,2024-12-31,657.2,82.08,76.17,60.18
IONEXCHANG,2025-01-31,581.65,73.85,75.7,52.42
IONEXCHANG,2025-02-28,499.9,60.04,72.57,45.57
IONEXCHANG,2025-03-31,467.15,45.93,67.24,43.14
IONEXCHANG,2025-04-30,499.1,36.89,61.17,46.15
IONEXCHANG,2025-05-30,544.25,32.99,55.54,50.18
IONEXCHANG,2025-06-30,543.2,29.48,50.33,50.09
IONEXCHANG,2025-07-31,465.2,20.17,44.29,43.57
IONEXCHANG,2025-08-29,417.45,8.84,37.2,40.13
IONEXCHANG,2025-09-30,403.7,-1.24,29.51,39.17
IONEXCHANG,2025-10-31,400.25,-9.4,21.73,38.92
IONEXCHANG,2025-11-28,350.5,-19.65,13.46,35.39
IONEXCHANG,2025-12-31,371.6,-25.77,5.61,37.96
JAYNECOIND,2022-12-30,25.0,0.0,0.0,
JAYNECOIND,2023-01-31,22.4,-0.21,-0.04,0.0
JAYNECOIND,2023-02-28,22.15,-0.39,-0.11,0.0
JAYNECOIND,2023-03-31,21.15,-0.6,-0.21,0.0
JAYNECOIND,2023-04-28,22.9,-0.63,-0.29,5.46
JAYNECOIND,2023-05-31,21.75,-0.73,-0.38,5.26
JAYNECOIND,2023-06-30,23.0,-0.7,-0.44,9.21
JAYNECOIND,2023-07-31,30.45,-0.08,-0.37,28.4
JAYNECOIND,2023-08-31,30.65,0.43,-0.21,28.83
JAYNECOIND,2023-09-29,35.25,1.19,0.07,38.14
JAYNECOIND,2023-10-31,34.75,1.73,0.4,37.56
JAYNECOIND,2023-11-30,45.4,2.98,0.92,53.61
JAYNECOIND,2023-12-29,46.85,4.04,1.54,55.29
JAYNECOIND,2024-01-31,47.6,4.89,2.21,56.18
JAYNECOIND,2024-02-29,52.8,5.91,2.95,61.83
JAYNECOIND,2024-03-29,47.55,6.23,3.61,54.23
JAYNECOIND,2024-04-30,55.45,7.04,4.29,61.83
JAYNECOIND,2024-05-31,45.6,6.8,4.79,50.55
JAYNECOIND,2024-06-28,48.3,6.76,5.19,53.08
JAYNECOIND,2024-07-31,53.95,7.09,5.57,57.92
JAYNECOIND,2024-08-30,46.23,6.66,5.79,50.28
JAYNECOIND,2024-09-30,49.8,6.53,5.94,53.35
JAYNECOIND,2024-10-31,42.81,5.8,5.91,47.21
JAYNECOIND,2024-11-29,41.91,5.09,5.74,46.47
JAYNECOIND,2024-12-31,39.38,4.27,5.45,44.36
JAYNECOIND,2025-01-31,38.08,3.47,5.05,43.28
JAYNECOIND,2025-02-28,31.55,2.29,4.5,38.21
JAYNECOIND,2025-03-31,29.94,1.21,3.84,37.06
JAYNECOIND,2025-04-30,41.09,1.24,3.32,48.61
JAYNECOIND,2025-05-30,40.55,1.21,2.9,48.15
JAYNECOIND,2025-06-30,37.95,0.96,2.51,45.89
JAYNECOIND,2025-07-31,52.61,1.92,2.39,57.87
JAYNECOIND,2025-08-29,57.77,3.07,2.53,61.14
JAYNECOIND,2025-09-30,67.3,4.69,2.96,66.32
JAYNECOIND,2025-10-31,77.69,6.74,3.72,70.89
JAYNECOIND,2025-11-28,71.6,7.78,4.53,65.3
JAYNECOIND,2025-12-31,77.67,8.99,5.42,68.01
KEC,2022-12-30,494.45,0.0,0.0,
KEC,2023-01-31,454.9,-3.15,-0.63,0.0
KEC,2023-02-28,449.25,-6.04,-1.71,0.0
KEC,2023-03-31,456.35,-7.67,-2.9,1.45
KEC,2023-04-28,458.95,-8.65,-4.05,2.01
KEC,2023-05-31,522.5,-4.25,-4.09,14.76
KEC,2023-06-30,551.15,1.54,-2.97,19.83
KEC,2023-07-31,633.85,12.64,0.16,32.33
KEC,2023-08-31,671.45,24.2,4.97,37.13
KEC,2023-09-29,662.5,32.27,10.43,36.47
KEC,2023-10-31,628.3,35.49,15.44,33.97
KEC,2023-11-30,578.35,33.63,19.08,30.67
KEC,2023-12-29,589.2,32.65,21.79,32.21
KEC,2024-01-31,657.65,36.98,24.83,41.11
KEC,2024-02-29,726.65,45.45,28.95,48.45
KEC,2024-03-29,694.25,48.98,32.96,45.58
KEC,2024-04-30,748.8,55.54,37.47,50.86
KEC,2024-05-31,738.5,59.23,41.83,49.88
KEC,2024-06-28,886.9,73.28,48.12,61.46
KEC,2024-07-31,925.35,86.52,55.8,63.79
KEC,2024-08-30,947.35,97.66,64.17,65.1
KEC,2024-09-30,1038.55,112.55,73.85,69.93
KEC,2024-10-31,984.9,118.66,82.81,64.29
KEC,2024-11-29,1054.3,127.63,91.77,67.89
KEC,2024-12-31,1198.8,144.73,102.36,73.82
KEC,2025-01-31,840.8,127.91,107.47,49.46
KEC,2025-02-28,686.45,100.97,106.17,42.89
KEC,2025-03-31,782.75,86.4,102.22,47.57
KEC,2025-04-30,698.2,67.25,95.22,44.15
KEC,2025-05-30,832.4,62.18,88.61,50.26
KEC,2025-06-30,918.45,64.37,83.77,53.76
KEC,2025-07-31,861.5,60.81,79.17,51.19
KEC,2025-08-29,808.1,53.06,73.95,48.84
KEC,2025-09-30,872.95,51.56,69.47,51.74
KEC,2025-10-31,817.75,45.4,64.66,49.19
KEC,2025-11-28,685.75,29.52,57.63,43.63
KEC,2025-12-31,743.15,21.32,50.37,46.46
KPITTECH,2022-12-30,704.25,0.0,0.0,
KPITTECH,2023-01-31,762.9,4.68,0.94,100.0
KPITTECH,2023-02-28,829.65,13.62,3.47,100.0
KPITTECH,2023-03-31,925.1,28.08,8.39,100.0
KPITTECH,2023-04-28,916.8,38.42,14.4,98.98
KPITTECH,2023-05-31,1063.05,57.76,23.07,99.14
KPITTECH,2023-06-30,1089.8,74.39,33.33,99.17
KPITTECH,2023-07-31,1082.75,86.0,43.87,98.31
KPITTECH,2023-08-31,1175.9,101.55,55.4,98.49
KPITTECH,2023-09-29,1152.3,110.7,66.46,95.61
KPITTECH,2023-10-31,1217.55,121.8,77.53,95.96
KPITTECH,2023-11-30,1499.3,151.59,92.34,97.06
KPITTECH,2023-12-29,1513.85,174.37,108.75,97.1
KPITTECH,2024-01-31,1550.8,193.17,125.63,97.22
KPITTECH,2024-02-29,1570.55,207.27,141.96,97.28
KPITTECH,2024-03-29,1486.4,209.25,155.42,88.36
KPITTECH,2024-04-30,1494.2,209.04,166.14,88.46
KPITTECH,2024-05-31,1457.25,203.54,173.62,84.55
KPITTECH,2024-06-28,1634.75,211.07,181.11,87.43
KPITTECH,2024-07-31,1842.6,231.15,191.12,89.82
KPITTECH,2024-08-30,1815.15,242.06,201.31,87.45
KPITTECH,2024-09-30,1628.0,232.91,207.63,73.28
KPITTECH,2024-10-31,1393.25,204.37,206.98,60.13
KPITTECH,2024-11-29,1368.8,177.73,201.13,58.94
KPITTECH,2024-12-31,1464.7,162.48,193.4,62.1
KPITTECH,2025-01-31,1409.2,144.25,183.57,59.26
KPITTECH,2025-02-28,1197.4,111.43,169.14,49.87
KPITTECH,2025-03-31,1307.45,93.23,153.96,53.95
KPITTECH,2025-04-30,1253.6,73.6,137.89,51.73
KPITTECH,2025-05-30,1337.8,64.11,123.13,54.86
KPITTECH,2025-06-30,1258.7,49.63,108.43,51.49
KPITTECH,2025-07-31,1226.4,35.14,93.77,50.13
KPITTECH,2025-08-29,1190.5,20.53,79.13,48.6
KPITTECH,2025-09-30,1097.7,1.44,63.59,44.79
KPITTECH,2025-10-31,1166.7,-8.02,49.27,48.05
KPITTECH,2025-11-28,1222.4,-10.9,37.23,50.59
KPITTECH,2025-12-31,1230.2,-12.41,27.3,50.95
LUMAXTECH,2022-12-30,239.5,0.0,0.0,
LUMAXTECH,2023-01-31,225.25,-1.14,-0.23,0.0
LUMAXTECH,2023-02-28,265.8,1.22,0.06,17.96
LUMAXTECH,2023-03-31,268.9,3.3,0.71,19.15
LUMAXTECH,2023-04-28,312.4,8.36,2.24,33.74
LUMAXTECH,2023-05-31,297.9,11.08,4.01,31.69
LUMAXTECH,2023-06-30,353.1,17.48,6.7,45.33
LUMAXTECH,2023-07-31,375.15,24.06,10.17,49.65
LUMAXTECH,2023-08-31,372.8,28.75,13.89,49.2
LUMAXTECH,2023-09-29,362.0,31.23,17.36,47.11
LUMAXTECH,2023-10-31,352.95,32.1,20.31,45.36
LUMAXTECH,2023-11-30,389.5,35.34,23.31,52.94
LUMAXTECH,2023-12-29,385.5,37.15,26.08,52.09
LUMAXTECH,2024-01-31,389.7,38.48,28.56,52.95
LUMAXTECH,2024-02-29,480.85,46.35,32.12,66.81
LUMAXTECH,2024-03-29,483.2,52.18,36.13,67.08
LUMAXTECH,2024-04-30,478.1,55.74,40.05,65.83
LUMAXTECH,2024-05-31,485.3,58.48,43.74,66.77
LUMAXTECH,2024-06-28,582.9,67.74,48.54,76.29
LUMAXTECH,2024-07-31,562.8,72.62,53.35,71.73
LUMAXTECH,2024-08-30,526.25,72.7,57.22,64.22
LUMAXTECH,2024-09-30,562.4,74.81,60.74,67.81
LUMAXTECH,2024-10-31,521.95,72.39,63.07,60.49
LUMAXTECH,2024-11-29,521.0,69.6,64.38,60.33
LUMAXTECH,2024-12-31,645.35,76.53,66.81,71.33
LUMAXTECH,2025-01-31,543.1,72.94,68.03,57.27
LUMAXTECH,2025-02-28,500.15,65.86,67.6,52.58
LUMAXTECH,2025-03-31,539.95,62.75,66.63,56.16
LUMAXTECH,2025-04-30,520.95,58.07,64.92,54.06
LUMAXTECH,2025-05-30,811.55,76.93,67.32,71.57
LUMAXTECH,2025-06-30,1176.1,119.91,77.84,81.23
LUMAXTECH,2025-07-31,1101.9,146.3,91.53,75.6
LUMAXTECH,2025-08-29,1174.7,171.11,107.45,77.26
LUMAXTECH,2025-09-30,1249.8,194.59,124.88,78.87
LUMAXTECH,2025-10-31,1127.7,201.03,140.11,70.2
LUMAXTECH,2025-11-28,1536.3,236.38,159.36,78.65
LUMAXTECH,2025-12-31,1574.7,264.45,180.38,79.25
MACPOWER,2022-12-30,337.1,0.0,0.0,
MACPOWER,2023-01-31,319.0,-1.44,-0.29,0.0
MACPOWER,2023-02-28,295.05,-4.47,-1.12,0.0
MACPOWER,2023-03-31,275.8,-8.32,-2.56,0.0
MACPOWER,2023-04-28,306.4,-8.81,-3.81,11.25
MACPOWER,2023-05-31,281.6,-11.07,-5.26,10.24
MACPOWER,2023-06-30,315.95,-9.97,-6.2,20.81
MACPOWER,2023-07-31,282.5,-11.66,-7.3,18.52
MACPOWER,2023-08-31,299.65,-11.49,-8.14,23.18
MACPOWER,2023-09-29,288.55,-12.11,-8.93,22.29
MACPOWER,2023-10-31,479.35,2.76,-6.59,54.54
MACPOWER,2023-11-30,625.75,26.06,-0.06,66.15
MACPOWER,2023-12-29,597.7,41.79,8.31,62.84
MACPOWER,2024-01-31,924.65,79.71,22.59,77.18
MACPOWER,2024-02-29,878.8,104.85,39.04,72.93
MACPOWER,2024-03-29,1106.7,141.54,59.54,79.09
MACPOWER,2024-04-30,1265.5,181.34,83.9,82.14
MACPOWER,2024-05-31,1433.95,223.89,111.9,84.69
MACPOWER,2024-06-28,1388.0,251.01,139.72,81.28
MACPOWER,2024-07-31,1593.85,285.82,168.94,84.33
MACPOWER,2024-08-30,1390.35,293.6,193.87,71.88
MACPOWER,2024-09-30,1305.15,289.55,213.01,67.39
MACPOWER,2024-10-31,1225.25,276.71,225.75,63.39
MACPOWER,2024-11-29,1422.05,279.19,236.44,68.37
MACPOWER,2024-12-31,1505.4,284.6,246.07,70.22
MACPOWER,2025-01-31,1292.2,268.6,250.58,60.49
MACPOWER,2025-02-28,762.6,210.74,242.61,44.14
MACPOWER,2025-03-31,745.55,161.66,226.42,43.73
MACPOWER,2025-04-30,847.95,129.52,207.04,46.91
MACPOWER,2025-05-30,906.5,107.54,187.14,48.7
MACPOWER,2025-06-30,1012.85,97.58,169.23,51.88
MACPOWER,2025-07-31,1020.6,89.28,153.24,52.11
MACPOWER,2025-08-29,809.8,64.95,135.58,45.65
MACPOWER,2025-09-30,827.7,46.57,117.78,46.26
MACPOWER,2025-10-31,841.65,32.75,100.77,46.76
MACPOWER,2025-11-28,978.55,32.47,87.11,51.53
MACPOWER,2025-12-31,1025.35,35.62,76.81,53.08
MCLEODRUSS,2022-12-30,29.65,0.0,0.0,
MCLEODRUSS,2023-01-31,25.95,-0.3,-0.06,0.0
MCLEODRUSS,2023-02-28,19.15,-1.07,-0.26,0.0
MCLEODRUSS,2023-03-31,16.9,-1.84,-0.58,0.0
MCLEODRUSS,2023-04-28,20.15,-2.16,-0.89,6.17
MCLEODRUSS,2023-05-31,19.2,-2.46,-1.21,6.05
MCLEODRUSS,2023-06-30,18.1,-2.76,-1.52,5.91
MCLEODRUSS,2023-07-31,18.25,-2.95,-1.81,6.23
MCLEODRUSS,2023-08-31,24.9,-2.54,-1.95,19.31
MCLEODRUSS,2023-09-29,21.8,-2.43,-2.05,18.05
MCLEODRUSS,2023-10-31,18.8,-2.56,-2.15,16.9
MCLEODRUSS,2023-11-30,21.65,-2.4,-2.2,21.99
MCLEODRUSS,2023-12-29,27.15,-1.82,-2.12,30.81
MCLEODRUSS,2024-01-31,27.8,-1.28,-1.96,31.79
MCLEODRUSS,2024-02-29,33.85,-0.37,-1.64,40.28
MCLEODRUSS,2024-03-29,23.9,-0.44,-1.4,33.01
MCLEODRUSS,2024-04-30,26.4,-0.29,-1.18,36.13
MCLEODRUSS,2024-05-31,24.05,-0.36,-1.01,34.5
MCLEODRUSS,2024-06-28,26.49,-0.21,-0.85,37.64
MCLEODRUSS,2024-07-31,28.18,0.04,-0.68,39.8
MCLEODRUSS,2024-08-30,25.35,0.01,-0.54,37.46
MCLEODRUSS,2024-09-30,32.81,0.58,-0.32,46.39
MCLEODRUSS,2024-10-31,28.48,0.68,-0.12,42.59
MCLEODRUSS,2024-11-29,37.99,1.5,0.21,51.9
MCLEODRUSS,2024-12-31,43.97,2.61,0.69,56.67
MCLEODRUSS,2025-01-31,39.59,3.1,1.17,52.56
MCLEODRUSS,2025-02-28,30.99,2.76,1.49,45.58
MCLEODRUSS,2025-03-31,33.75,2.68,1.73,47.97
MCLEODRUSS,2025-04-30,33.68,2.59,1.9,47.91
MCLEODRUSS,2025-05-30,31.4,2.3,1.98,45.98
MCLEODRUSS,2025-06-30,33.83,2.24,2.03,48.37
MCLEODRUSS,2025-07-31,38.03,2.51,2.13,52.29
MCLEODRUSS,2025-08-29,37.36,2.63,2.23,51.62
MCLEODRUSS,2025-09-30,37.01,2.67,2.32,51.25
MCLEODRUSS,2025-10-31,61.87,4.66,2.78,68.57
MCLEODRUSS,2025-11-28,53.56,5.5,3.33,60.79
MCLEODRUSS,2025-12-31,44.44,5.36,3.73,53.61
MRPL,2022-12-30,56.1,0.0,0.0,
MRPL,2023-01-31,57.6,0.12,0.02,100.0
MRPL,2023-02-28,49.85,-0.41,-0.06,71.56
MRPL,2023-03-31,52.55,-0.6,-0.17,74.3
MRPL,2023-04-28,64.25,0.19,-0.1,82.28
MRPL,2023-05-31,65.45,0.9,0.1,82.86
MRPL,2023-06-30,77.05,2.38,0.56,87.26
MRPL,2023-07-31,83.05,3.98,1.24,88.85
MRPL,2023-08-31,95.25,6.17,2.23,91.25
MRPL,2023-09-29,95.6,7.84,3.35,91.31
MRPL,2023-10-31,103.7,9.7,4.62,92.53
MRPL,2023-11-30,121.3,12.46,6.19,94.39
MRPL,2023-12-29,133.15,15.42,8.03,95.24
MRPL,2024-01-31,177.05,21.07,10.64,97.04
MRPL,2024-02-29,227.8,29.3,14.37,97.99
MRPL,2024-03-29,218.55,34.68,18.43,92.2
MRPL,2024-04-30,250.15,41.02,22.95,93.59
MRPL,2024-05-31,203.15,41.77,26.71,72.76
MRPL,2024-06-28,214.33,42.77,29.93,74.23
MRPL,2024-07-31,220.5,43.56,32.65,75.03
MRPL,2024-08-30,207.37,42.64,34.65,70.05
MRPL,2024-09-30,182.18,39.42,35.6,61.59
MRPL,2024-10-31,147.76,33.7,35.22,52.3
MRPL,2024-11-29,154.56,29.38,34.05,53.78
MRPL,2024-12-31,148.41,25.17,32.28,52.2
MRPL,2025-01-31,129.5,20.07,29.84,47.57
MRPL,2025-02-28,105.8,13.96,26.66,42.49
MRPL,2025-03-31,134.44,11.3,23.59,49.51
MRPL,2025-04-30,134.21,9.07,20.69,49.46
MRPL,2025-05-30,144.04,8.0,18.15,51.8
MRPL,2025-06-30,143.33,7.02,15.92,51.61
MRPL,2025-07-31,126.11,4.79,13.7,47.19
MRPL,2025-08-29,122.02,2.67,11.49,46.18
MRPL,2025-09-30,132.79,1.83,9.56,49.26
MRPL,2025-10-31,166.4,3.84,8.41,57.46
MRPL,2025-11-28,158.06,4.7,7.67,55.08
MRPL,2025-12-31,146.66,4.41,7.02,51.92
MTARTECH,2022-12-30,1617.5,0.0,0.0,
MTARTECH,2023-01-31,1737.55,9.58,1.92,100.0
MTARTECH,2023-02-28,1696.85,13.72,4.28,97.46
MTARTECH,2023-03-31,1581.55,7.62,4.95,90.45
MTARTECH,2023-04-28,1812.8,21.2,8.2,91.73
MTARTECH,2023-05-31,1899.35,38.5,14.26,92.16
MTARTECH,2023-06-30,1917.75,53.08,22.02,92.25
MTARTECH,2023-07-31,2133.0,81.07,33.83,93.24
MTARTECH,2023-08-31,2462.5,128.36,52.74,94.42
MTARTECH,2023-09-29,2537.6,169.94,76.18,94.64
MTARTECH,2023-10-31,2438.85,192.71,99.48,89.45
MTARTECH,2023-11-30,2240.6,192.53,118.09,79.97
MTARTECH,2023-12-29,2208.3,187.62,132.0,78.51
MTARTECH,2024-01-31,2100.55,173.04,140.21,73.68
MTARTECH,2024-02-29,1916.1,144.93,141.15,66.17
MTARTECH,2024-03-29,1683.75,102.72,133.47,58.13
MTARTECH,2024-04-30,1886.05,84.62,123.7,62.41
MTARTECH,2024-05-31,1800.6,62.66,111.49,59.64
MTARTECH,2024-06-28,1858.25,49.33,99.06,60.9
MTARTECH,2024-07-31,1904.65,42.03,87.65,61.93
MTARTECH,2024-08-30,1826.3,29.59,76.04,59.09
MTARTECH,2024-09-30,1745.95,13.09,63.45,56.25
MTARTECH,2024-10-31,1670.85,-5.98,49.56,53.65
MTARTECH,2024-11-29,1787.65,-11.53,37.34,56.98
MTARTECH,2024-12-31,1658.25,-26.08,24.66,52.48
MTARTECH,2025-01-31,1624.1,-39.9,11.75,51.33
MTARTECH,2025-02-28,1287.9,-77.09,-6.02,41.64
MTARTECH,2025-03-31,1281.15,-105.89,-25.99,41.47
MTARTECH,2025-04-30,1421.3,-116.06,-44.01,46.35
MTARTECH,2025-05-30,1640.8,-105.21,-56.25,52.96
MTARTECH,2025-06-30,1586.6,-99.82,-64.96,51.28
MTARTECH,2025-07-31,1466.4,-104.06,-72.78,47.66
MTARTECH,2025-08-29,1396.0,-111.8,-80.58,45.64
MTARTECH,2025-09-30,1851.4,-80.27,-80.52,58.06
MTARTECH,2025-10-31,2548.1,0.93,-64.23,69.54
MTARTECH,2025-11-28,2532.4,63.28,-38.73,69.08
MTARTECH,2025-12-31,2434.1,103.57,-10.27,66.14
NACLIND,2022-12-30,104.5,0.0,0.0,
NACLIND,2023-01-31,102.75,-0.14,-0.03,0.0
NACLIND,2023-02-28,84.2,-1.73,-0.37,0.0
NACLIND,2023-03-31,81.7,-3.15,-0.92,0.0
NACLIND,2023-04-28,84.5,-4.01,-1.54,6.87
NACLIND,2023-05-31,102.9,-3.16,-1.87,37.35
NACLIND,2023-06-30,95.25,-3.08,-2.11,32.58
NACLIND,2023-07-31,81.45,-4.08,-2.5,26.1
NACLIND,2023-08-31,84.1,-4.6,-2.92,29.02
NACLIND,2023-09-29,80.4,-5.25,-3.39,27.39
NACLIND,2023-10-31,74.85,-6.15,-3.94,25.12
NACLIND,2023-11-30,73.05,-6.92,-4.54,24.41
NACLIND,2023-12-29,73.7,-7.4,-5.11,25.23
NACLIND,2024-01-31,74.5,-7.62,-5.61,26.29
NACLIND,2024-02-29,70.8,-8.01,-6.09,24.55
NACLIND,2024-03-29,56.25,-9.38,-6.75,19.19
NACLIND,2024-04-30,70.2,-9.23,-7.25,34.06
NACLIND,2024-05-31,67.75,-9.21,-7.64,32.91
NACLIND,2024-06-28,73.84,-8.6,-7.83,38.45
NACLIND,2024-07-31,68.49,-8.45,-7.96,35.66
NACLIND,2024-08-30,55.21,-9.3,-8.22,29.88
NACLIND,2024-09-30,55.47,-9.83,-8.55,30.12
NACLIND,2024-10-31,53.4,-10.31,-8.9,29.26
NACLIND,2024-11-29,51.31,-10.73,-9.26,28.39
NACLIND,2024-12-31,66.92,-9.69,-9.35,42.29
NACLIND,2025-01-31,70.51,-8.48,-9.18,44.94
NACLIND,2025-02-28,56.65,-8.54,-9.05,37.74
NACLIND,2025-03-31,101.78,-4.89,-8.22,60.13
NACLIND,2025-04-30,187.84,4.89,-5.6,77.07
NACLIND,2025-05-30,176.68,11.61,-2.15,72.75
NACLIND,2025-06-30,218.37,20.06,2.29,77.76
NACLIND,2025-07-31,323.3,34.83,8.8,85.16
NACLIND,2025-08-29,277.85,42.38,15.51,73.72
NACLIND,2025-09-30,199.25,41.54,20.72,58.97
NACLIND,2025-10-31,202.62,40.67,24.71,59.35
NACLIND,2025-11-28,190.89,38.6,27.49,57.38
NACLIND,2025-12-31,169.57,34.83,28.96,53.88
POCL,2022-12-30,30.65,0.0,0.0,
POCL,2023-01-31,30.65,0.0,0.0,
POCL,2023-02-28,30.65,0.0,0.0,
POCL,2023-03-31,148.3,9.39,1.88,100.0
POCL,2023-04-28,183.77,19.46,5.39,100.0
POCL,2023-05-31,206.95,28.98,10.11,100.0
POCL,2023-06-30,197.77,35.38,15.17,94.1
POCL,2023-07-31,217.18,41.54,20.44,94.8
POCL,2023-08-31,243.38,47.98,25.95,95.56
POCL,2023-09-29,231.02,51.49,31.06,88.92
POCL,2023-10-31,215.3,52.4,35.33,81.2
POCL,2023-11-30,218.1,52.74,38.81,81.5
POCL,2023-12-29,251.35,55.06,42.06,84.71
POCL,2024-01-31,378.0,66.35,46.92,91.06
POCL,2024-02-29,361.08,73.09,52.15,85.93
POCL,2024-03-29,310.4,73.5,56.42,72.7
POCL,2024-04-30,340.9,75.41,60.22,75.17
POCL,2024-05-31,315.75,74.05,62.99,69.57
POCL,2024-06-28,406.17,79.34,66.26,76.39
POCL,2024-07-31,629.2,100.38,73.08,85.2
POCL,2024-08-30,898.88,137.24,85.91,90.04
POCL,2024-09-30,975.12,170.63,102.86,90.94
POCL,2024-10-31,979.8,195.22,121.33,90.99
POCL,2024-11-29,876.95,204.05,137.87,79.76
POCL,2024-12-31,845.85,206.17,151.53,76.68
POCL,2025-01-31,688.45,192.92,159.81,63.34
POCL,2025-02-28,575.95,171.37,162.12,55.86
POCL,2025-03-31,640.0,157.64,161.23,58.84
POCL,2025-04-30,763.7,154.96,159.97,63.91
POCL,2025-05-30,748.65,149.89,157.95,62.89
POCL,2025-06-30,871.0,153.97,157.16,67.42
POCL,2025-07-31,1187.85,180.68,161.86,75.69
POCL,2025-08-29,1050.0,188.56,167.2,67.65
POCL,2025-09-30,1144.2,200.1,173.78,69.99
POCL,2025-10-31,1370.9,224.94,184.01,74.74
POCL,2025-11-28,1287.0,235.15,194.24,70.31
POCL,2025-12-31,1387.8,248.51,205.09,72.43
PYRAMID,2023-08-31,166.85,0.0,0.0,
PYRAMID,2023-09-29,175.0,0.65,0.13,100.0
PYRAMID,2023-10-31,208.15,3.8,0.86,100.0
PYRAMID,2023-11-30,202.8,5.79,1.85,96.02
PYRAMID,2023-12-29,192.55,6.47,2.77,88.74
PYRAMID,2024-01-31,185.35,6.36,3.49,83.93
PYRAMID,2024-02-29,171.6,5.1,3.81,75.5
PYRAMID,2024-03-29,144.85,1.92,3.43,62.38
PYRAMID,2024-04-30,158.25,0.47,2.84,65.61
PYRAMID,2024-05-31,143.65,-1.83,1.91,59.61
PYRAMID,2024-06-28,169.9,-1.52,1.22,65.68
PYRAMID,2024-07-31,198.91,1.06,1.19,70.89
PYRAMID,2024-08-30,174.15,1.09,1.17,62.21
PYRAMID,2024-09-30,170.84,0.84,1.1,61.13
PYRAMID,2024-10-31,206.86,3.5,1.58,67.69
PYRAMID,2024-11-29,206.18,5.5,2.37,67.46
PYRAMID,2024-12-31,207.34,7.09,3.31,67.66
PYRAMID,2025-01-31,181.25,6.18,3.88,58.78
PYRAMID,2025-02-28,166.97,4.25,3.96,54.56
PYRAMID,2025-03-31,136.68,0.28,3.22,46.87
PYRAMID,2025-04-30,156.69,-1.24,2.33,51.71
PYRAMID,2025-05-30,174.99,-0.96,1.67,55.69
PYRAMID,2025-06-30,180.04,-0.32,1.27,56.75
PYRAMID,2025-07-31,167.23,-0.84,0.85,53.27
PYRAMID,2025-08-29,162.56,-1.61,0.36,52.02
PYRAMID,2025-09-30,159.33,-2.46,-0.21,51.12
PYRAMID,2025-10-31,161.71,-2.9,-0.75,51.78
PYRAMID,2025-11-28,164.69,-2.98,-1.19,52.64
PYRAMID,2025-12-31,163.85,-3.07,-1.57,52.36
RADICO,2022-12-30,1012.4,0.0,0.0,
RADICO,2023-01-31,1127.35,9.17,1.83,100.0
RADICO,2023-02-28,1161.1,18.94,5.26,100.0
RADICO,2023-03-31,1194.6,29.05,10.02,100.0
RADICO,2023-04-28,1127.25,31.27,14.27,95.24
RADICO,2023-05-31,1168.6,35.95,18.6,95.39
RADICO,2023-06-30,1208.6,42.4,23.36,95.53
RADICO,2023-07-31,1450.8,66.29,31.95,96.28
RADICO,2023-08-31,1261.7,69.17,39.39,84.41
RADICO,2023-09-29,1203.85,66.02,44.72,81.12
RADICO,2023-10-31,1216.9,63.84,48.54,81.3
RADICO,2023-11-30,1506.3,84.49,55.73,84.72
RADICO,2023-12-29,1658.25,111.83,66.95,86.16
RADICO,2024-01-31,1663.9,132.43,80.05,86.21
RADICO,2024-02-29,1569.8,139.55,91.95,80.78
RADICO,2024-03-29,1727.75,156.14,104.79,82.75
RADICO,2024-04-30,1757.1,169.69,117.77,83.09
RADICO,2024-05-31,1576.5,163.98,127.01,73.36
RADICO,2024-06-28,1786.45,174.38,136.48,76.76
RADICO,2024-07-31,1723.5,175.52,144.29,73.72
RADICO,2024-08-30,1942.05,191.84,153.8,77.11
RADICO,2024-09-30,2045.45,210.69,165.18,78.53
RADICO,2024-10-31,2379.0,249.67,182.08,82.32
RADICO,2024-11-29,2457.85,283.66,202.39,83.08
RADICO,2024-12-31,2605.9,318.86,225.69,84.43
RADICO,2025-01-31,2178.4,308.7,242.29,67.61
RADICO,2025-02-28,2073.05,288.82,251.6,64.21
RADICO,2025-03-31,2428.95,298.35,260.95,69.74
RADICO,2025-04-30,2455.7,304.55,269.67,70.11
RADICO,2025-05-30,2532.8,312.08,278.15,71.22
RADICO,2025-06-30,2617.2,321.16,286.75,72.42
RADICO,2025-07-31,2734.5,333.97,296.2,74.04
RADICO,2025-08-29,2852.5,349.61,306.88,75.59
RADICO,2025-09-30,2887.9,360.71,317.65,76.06
RADICO,2025-10-31,3131.5,384.73,331.06,79.01
RADICO,2025-11-28,3208.1,405.27,345.9,79.85
RADICO,2025-12-31,3267.3,421.47,361.02,80.5
RECLTD,2022-12-30,116.5,0.0,0.0,
RECLTD,2023-01-31,121.75,0.42,0.08,100.0
RECLTD,2023-02-28,114.3,0.15,0.1,90.16
RECLTD,2023-03-31,115.45,0.03,0.08,90.32
RECLTD,2023-04-28,132.15,1.26,0.32,92.26
RECLTD,2023-05-31,141.55,2.97,0.85,93.1
RECLTD,2023-06-30,164.65,6.11,1.9,94.64
RECLTD,2023-07-31,202.95,11.56,3.83,96.17
RECLTD,2023-08-31,238.65,18.54,6.77,97.02
RECLTD,2023-09-29,287.4,27.69,10.96,97.76
RECLTD,2023-10-31,287.6,34.56,15.68,97.76
RECLTD,2023-11-30,348.7,44.43,21.43,98.35
RECLTD,2023-12-29,412.85,56.76,28.5,98.73
RECLTD,2024-01-31,499.05,72.66,37.33,99.05
RECLTD,2024-02-29,442.05,79.74,45.81,84.11
RECLTD,2024-03-29,451.0,85.09,53.67,84.5
RECLTD,2024-04-30,507.15,92.79,61.49,86.73
RECLTD,2024-05-31,537.75,100.21,69.24,87.77
RECLTD,2024-06-28,525.4,103.9,76.17,84.89
RECLTD,2024-07-31,644.25,115.08,83.95,88.72
RECLTD,2024-08-30,619.75,120.58,91.27,84.0
RECLTD,2024-09-30,554.5,118.3,96.68,72.87
RECLTD,2024-10-31,522.6,112.63,99.87,68.12
RECLTD,2024-11-29,532.6,107.7,101.44,68.81
RECLTD,2024-12-31,500.7,100.06,101.16,64.07
RECLTD,2025-01-31,449.85,88.88,98.71,57.29
RECLTD,2025-02-28,360.3,71.97,93.36,47.72
RECLTD,2025-03-31,429.2,63.39,87.36,54.08
RECLTD,2025-04-30,420.1,55.22,80.94,53.16
RECLTD,2025-05-30,402.3,46.78,74.1,51.32
RECLTD,2025-06-30,402.4,39.63,67.21,51.33
RECLTD,2025-07-31,395.2,33.01,60.37,50.51
RECLTD,2025-08-29,350.0,23.84,53.06,45.59
RECLTD,2025-09-30,372.85,18.2,46.09,48.33
RECLTD,2025-10-31,374.85,13.74,39.62,48.58
RECLTD,2025-11-28,360.9,8.98,33.49,46.91
RECLTD,2025-12-31,354.2,4.61,27.72,46.09
SANGHVIMOV,2022-12-30,162.23,0.0,0.0,
SANGHVIMOV,2023-01-31,166.45,0.34,0.07,100.0
SANGHVIMOV,2023-02-28,180.85,1.75,0.4,100.0
SANGHVIMOV,2023-03-31,176.07,2.45,0.81,93.08
SANGHVIMOV,2023-04-28,193.4,4.35,1.52,94.55
SANGHVIMOV,2023-05-31,221.9,8.07,2.83,96.04
SANGHVIMOV,2023-06-30,240.48,12.37,4.74,96.68
SANGHVIMOV,2023-07-31,317.67,21.76,8.14,98.07
SANGHVIMOV,2023-08-31,371.15,33.13,13.14,98.53
SANGHVIMOV,2023-09-29,340.55,39.22,18.36,85.92
SANGHVIMOV,2023-10-31,365.52,45.54,23.79,87.35
SANGHVIMOV,2023-11-30,392.9,52.15,29.47,88.7
SANGHVIMOV,2023-12-29,409.0,58.03,35.18,89.41
SANGHVIMOV,2024-01-31,385.98,60.13,40.17,81.47
SANGHVIMOV,2024-02-29,569.2,75.71,47.28,89.48
SANGHVIMOV,2024-03-29,676.05,95.58,56.94,91.72
SANGHVIMOV,2024-04-30,657.75,108.59,67.27,88.25
SANGHVIMOV,2024-05-31,548.03,108.8,75.57,70.91
SANGHVIMOV,2024-06-28,531.42,106.4,81.74,68.71
SANGHVIMOV,2024-07-31,587.42,107.77,86.94,71.88
SANGHVIMOV,2024-08-30,448.92,96.57,88.87,56.61
SANGHVIMOV,2024-09-30,406.35,83.3,87.75,52.89
SANGHVIMOV,2024-10-31,404.75,71.82,84.57,52.75
SANGHVIMOV,2024-11-29,329.75,56.03,78.86,46.52
SANGHVIMOV,2024-12-31,307.2,41.22,71.33,44.8
SANGHVIMOV,2025-01-31,252.5,24.78,62.02,40.87
SANGHVIMOV,2025-02-28,210.3,8.26,51.27,38.09
SANGHVIMOV,2025-03-31,244.11,-2.09,40.6,41.52
SANGHVIMOV,2025-04-30,262.97,-8.67,30.74,43.41
SANGHVIMOV,2025-05-30,291.4,-11.45,22.3,46.22
SANGHVIMOV,2025-06-30,279.5,-14.45,14.95,45.21
SANGHVIMOV,2025-07-31,271.2,-17.3,8.5,44.47
SANGHVIMOV,2025-08-29,326.45,-14.93,3.81,50.25
SANGHVIMOV,2025-09-30,360.65,-10.17,1.02,53.47
SANGHVIMOV,2025-10-31,396.15,-3.5,0.11,56.62
SANGHVIMOV,2025-11-28,332.8,-3.28,-0.57,50.11
SANGHVIMOV,2025-12-31,365.25,-0.49,-0.55,53.08
TEGA,2022-12-30,579.4,0.0,0.0,
TEGA,2023-01-31,613.3,2.7,0.54,100.0
TEGA,2023-02-28,626.9,5.88,1.61,100.0
TEGA,2023-03-31,701.45,14.24,4.14,100.0
TEGA,2023-04-28,658.05,17.17,6.74,91.39
TEGA,2023-05-31,899.45,38.53,13.1,94.32
TEGA,2023-06-30,971.4,60.56,22.59,94.88
TEGA,2023-07-31,983.7,78.12,33.7,94.97
TEGA,2023-08-31,995.4,91.91,45.34,95.06
TEGA,2023-09-29,930.75,96.52,55.58,85.91
TEGA,2023-10-31,912.0,97.53,63.97,83.4
TEGA,2023-11-30,984.05,102.96,71.76,85.19
TEGA,2023-12-29,1152.0,119.43,81.3,88.34
TEGA,2024-01-31,1155.8,131.29,91.3,88.4
TEGA,2024-02-29,1165.4,139.84,101.0,88.56
TEGA,2024-03-29,1241.1,150.99,111.0,89.77
TEGA,2024-04-30,1498.05,178.5,124.5,92.61
TEGA,2024-05-31,1488.05,197.22,139.05,91.54
TEGA,2024-06-28,1637.95,221.6,155.56,92.87
TEGA,2024-07-31,1909.55,259.84,176.41,94.54
TEGA,2024-08-30,1707.05,270.69,195.27,79.58
TEGA,2024-09-30,1874.25,289.44,214.1,82.1
TEGA,2024-10-31,1919.4,304.43,232.17,82.72
TEGA,2024-11-29,1719.85,296.79,245.09,71.01
TEGA,2024-12-31,1566.35,275.18,251.11,63.56
TEGA,2025-01-31,1513.2,250.87,251.06,61.17
TEGA,2025-02-28,1322.85,213.78,243.61,53.41
TEGA,2025-03-31,1475.7,194.48,233.78,58.01
TEGA,2025-04-30,1351.6,167.24,220.47,53.4
TEGA,2025-05-30,1650.0,167.8,209.94,61.36
TEGA,2025-06-30,1557.7,158.96,199.74,58.06
TEGA,2025-07-31,1906.0,178.01,195.39,65.58
TEGA,2025-08-29,1846.9,186.19,193.55,63.5
TEGA,2025-09-30,1891.1,194.0,193.64,64.41
TEGA,2025-10-31,1939.1,201.74,195.26,65.42
TEGA,2025-11-28,1935.6,205.23,197.26,65.27
TEGA,2025-12-31,1995.5,210.4,199.88,66.64
THYROCARE,2022-12-30,206.22,0.0,0.0,
THYROCARE,2023-01-31,185.95,-1.62,-0.32,0.0
THYROCARE,2023-02-28,150.58,-5.69,-1.4,0.0
THYROCARE,2023-03-31,143.28,-9.39,-3.0,0.0
THYROCARE,2023-04-28,147.27,-11.87,-4.77,1.49
THYROCARE,2023-05-31,150.77,-13.4,-6.5,2.85
THYROCARE,2023-06-30,172.65,-12.7,-7.74,11.13
THYROCARE,2023-07-31,197.97,-9.98,-8.19,19.67
THYROCARE,2023-08-31,179.33,-9.23,-8.39,18.28
THYROCARE,2023-09-29,189.43,-7.73,-8.26,21.52
THYROCARE,2023-10-31,183.1,-6.97,-8.0,20.96
THYROCARE,2023-11-30,186.65,-6.01,-7.61,22.18
THYROCARE,2023-12-29,214.52,-2.97,-6.68,31.2
THYROCARE,2024-01-31,203.38,-1.44,-5.63,29.72
THYROCARE,2024-02-29,230.17,1.91,-4.12,37.42
THYROCARE,2024-03-29,196.65,1.84,-2.93,32.6
THYROCARE,2024-04-30,214.98,3.22,-1.7,37.35
THYROCARE,2024-05-31,204.07,3.4,-0.68,35.74
THYROCARE,2024-06-28,212.43,4.17,0.29,37.95
THYROCARE,2024-07-31,272.48,9.52,2.14,50.99
THYROCARE,2024-08-30,287.27,14.78,4.66,53.58
THYROCARE,2024-09-30,270.68,17.4,7.21,50.37
THYROCARE,2024-10-31,311.73,22.54,10.28,57.21
THYROCARE,2024-11-29,333.45,28.04,13.83,60.32
THYROCARE,2024-12-31,303.93,29.67,17.0,54.51
THYROCARE,2025-01-31,266.08,27.6,19.12,48.12
THYROCARE,2025-02-28,229.18,22.71,19.84,42.84
THYROCARE,2025-03-31,226.55,18.41,19.55,42.48
THYROCARE,2025-04-30,292.7,20.12,19.66,53.09
THYROCARE,2025-05-30,349.73,25.77,20.89,59.95
THYROCARE,2025-06-30,330.17,28.34,22.38,56.88
THYROCARE,2025-07-31,441.97,38.96,25.69,67.22
THYROCARE,2025-08-29,421.77,45.22,29.6,64.22
THYROCARE,2025-09-30,386.87,46.82,33.04,59.3
THYROCARE,2025-10-31,465.77,53.84,37.2,65.7
THYROCARE,2025-11-28,495.7,61.11,41.98,67.77
THYROCARE,2025-12-31,457.25,63.05,46.2,62.55
TI,2022-12-30,110.3,0.0,0.0,
TI,2023-01-31,115.95,0.45,0.09,100.0
TI,2023-02-28,114.5,0.68,0.21,98.06
TI,2023-03-31,112.7,0.71,0.31,95.59
TI,2023-04-28,124.3,1.65,0.58,96.25
TI,2023-05-31,155.3,4.85,1.43,97.37
TI,2023-06-30,142.5,6.27,2.4,85.91
TI,2023-07-31,169.6,9.48,3.82,88.89
TI,2023-08-31,211.6,15.23,6.1,91.79
TI,2023-09-29,202.7,18.86,8.65,86.63
TI,2023-10-31,209.45,22.02,11.32,87.22
TI,2023-11-30,265.65,28.73,14.81,90.83
TI,2023-12-29,240.95,31.69,18.18,80.12
TI,2024-01-31,244.05,33.9,21.32,80.43
TI,2024-02-29,215.2,32.94,23.65,69.5
TI,2024-03-29,210.5,31.43,25.2,67.88
TI,2024-04-30,236.9,32.0,26.56,71.85
TI,2024-05-31,229.8,31.52,27.56,69.37
TI,2024-06-28,250.96,32.47,28.54,72.42
TI,2024-07-31,251.7,32.9,29.41,72.53
TI,2024-08-30,274.35,34.67,30.46,75.54
TI,2024-09-30,300.3,37.74,31.92,78.46
TI,2024-10-31,290.05,38.89,33.31,74.67
TI,2024-11-29,409.0,48.84,36.42,84.21
TI,2024-12-31,422.25,57.13,40.56,84.89
TI,2025-01-31,367.5,58.61,44.17,71.2
TI,2025-02-28,221.7,47.47,44.83,48.68
TI,2025-03-31,236.75,39.4,43.74,50.43
TI,2025-04-30,286.62,36.61,42.32,55.78
TI,2025-05-30,371.45,40.77,42.01,63.09
TI,2025-06-30,346.95,41.62,41.93,60.01
TI,2025-07-31,492.2,53.39,44.22,69.52
TI,2025-08-29,473.8,60.54,47.49,67.34
TI,2025-09-30,448.55,63.43,50.67,64.35
TI,2025-10-31,528.1,71.32,54.8,69.01
TI,2025-11-28,476.1,72.55,58.35,63.19
TI,2025-12-31,469.05,72.11,61.11,62.42
TINNARUBR,2025-04-30,947.15,0.0,0.0,
TINNARUBR,2025-05-30,969.55,1.79,0.36,100.0
TINNARUBR,2025-06-30,957.0,2.17,0.72,95.87
TINNARUBR,2025-07-31,908.05,-1.47,0.28,81.69
TINNARUBR,2025-08-29,801.65,-12.78,-2.33,60.68
TINNARUBR,2025-09-30,941.95,-10.31,-3.93,71.2
TINNARUBR,2025-10-31,958.65,-6.93,-4.53,72.16
TINNARUBR,2025-11-28,842.4,-13.47,-6.32,57.79
TINNARUBR,2025-12-31,807.7,-21.21,-9.3,54.32
TMB,2022-12-30,478.6,0.0,0.0,
TMB,2023-01-31,470.1,-0.68,-0.14,0.0
TMB,2023-02-28,452.7,-2.59,-0.63,0.0
TMB,2023-03-31,407.6,-7.66,-2.03,0.0
TMB,2023-04-28,413.2,-11.09,-3.84,3.55
TMB,2023-05-31,414.45,-13.56,-5.79,4.37
TMB,2023-06-30,437.85,-13.47,-7.32,18.3
TMB,2023-07-31,445.3,-12.65,-8.39,22.19
TMB,2023-08-31,546.65,-3.78,-7.47,54.15
TMB,2023-09-29,546.7,3.22,-5.33,54.16
TMB,2023-10-31,540.7,8.18,-2.63,52.68
TMB,2023-11-30,522.95,10.57,0.01,48.44
TMB,2023-12-29,504.45,10.84,2.18,44.44
TMB,2024-01-31,504.9,10.96,3.93,44.56
TMB,2024-02-29,484.75,9.32,5.01,40.35
TMB,2024-03-29,485.6,8.01,5.61,40.6
TMB,2024-04-30,486.0,6.91,5.87,40.73
TMB,2024-05-31,455.95,3.58,5.41,34.67
TMB,2024-06-28,471.3,2.15,4.76,39.61
TMB,2024-07-31,462.6,0.32,3.87,37.87
TMB,2024-08-30,470.8,-0.47,3.0,40.53
TMB,2024-09-30,470.7,-1.09,2.18,40.51
TMB,2024-10-31,450.2,-3.2,1.11,36.03
TMB,2024-11-29,473.35,-2.97,0.29,43.61
TMB,2024-12-31,451.9,-4.47,-0.66,39.0
TMB,2025-01-31,438.0,-6.7,-1.87,36.32
TMB,2025-02-28,409.15,-10.67,-3.63,31.48
TMB,2025-03-31,410.9,-13.52,-5.61,32.07
TMB,2025-04-30,437.75,-13.46,-7.18,40.54
TMB,2025-05-30,448.4,-12.41,-8.22,43.55
TMB,2025-06-30,445.8,-11.65,-8.91,42.98
TMB,2025-07-31,455.6,-10.14,-9.16,45.86
TMB,2025-08-29,423.4,-11.41,-9.61,38.9
TMB,2025-09-30,421.95,-12.39,-10.16,38.62
TMB,2025-10-31,499.3,-6.85,-9.5,56.77
TMB,2025-11-28,507.35,-1.79,-7.96,58.15
TMB,2025-12-31,513.4,2.68,-5.83,59.21
V2RETAIL,2022-12-30,103.2,0.0,0.0,
V2RETAIL,2023-01-31,88.15,-1.2,-0.24,0.0
V2RETAIL,2023-02-28,85.55,-2.33,-0.66,0.0
V2RETAIL,2023-03-31,69.7,-4.46,-1.42,0.0
V2RETAIL,2023-04-28,82.15,-5.08,-2.15,6.28
V2RETAIL,2023-05-31,96.95,-4.33,-2.59,13.26
V2RETAIL,2023-06-30,132.35,-0.87,-2.24,27.22
V2RETAIL,2023-07-31,140.9,2.53,-1.29,30.15
V2RETAIL,2023-08-31,143.0,5.34,0.04,30.88
V2RETAIL,2023-09-29,166.0,9.31,1.89,38.51
V2RETAIL,2023-10-31,197.7,14.85,4.48,47.16
V2RETAIL,2023-11-30,228.5,21.47,7.88,53.94
V2RETAIL,2023-12-29,300.4,32.15,12.73,65.18
V2RETAIL,2024-01-31,348.25,43.97,18.98,70.36
V2RETAIL,2024-02-29,375.7,54.92,26.17,72.86
V2RETAIL,2024-03-29,422.2,66.58,34.25,76.47
V2RETAIL,2024-04-30,494.75,80.75,43.55,80.77
V2RETAIL,2024-05-31,537.65,94.35,53.71,82.78
V2RETAIL,2024-06-28,772.35,122.65,67.5,89.33
V2RETAIL,2024-07-31,932.8,156.22,85.24,91.67
V2RETAIL,2024-08-30,1147.65,197.89,107.77,93.67
V2RETAIL,2024-09-30,1334.05,243.15,134.85,94.83
V2RETAIL,2024-10-31,1125.4,259.19,159.72,77.68
V2RETAIL,2024-11-29,1325.15,284.74,184.72,81.19
V2RETAIL,2024-12-31,1696.95,331.17,214.01,85.69
V2RETAIL,2025-01-31,1858.05,376.63,246.53,87.13
V2RETAIL,2025-02-28,1575.85,385.44,274.31,73.24
V2RETAIL,2025-03-31,1718.55,399.33,299.32,75.38
V2RETAIL,2025-04-30,1687.4,403.18,320.09,73.99
V2RETAIL,2025-05-30,1860.1,415.38,339.15,76.57
V2RETAIL,2025-06-30,1814.5,416.56,354.63,74.47
V2RETAIL,2025-07-31,1858.0,416.22,366.95,75.17
V2RETAIL,2025-08-29,1726.7,400.73,373.7,69.02
V2RETAIL,2025-09-30,2081.4,412.32,381.43,74.97
V2RETAIL,2025-10-31,2442.0,445.47,394.23,79.32
V2RETAIL,2025-11-28,2449.8,466.98,408.78,79.41
V2RETAIL,2025-12-31,2390.0,473.75,421.78,76.85
VIPIND,2022-12-30,668.15,0.0,0.0,
VIPIND,2023-01-31,699.25,2.48,0.5,100.0
VIPIND,2023-02-28,638.0,-0.49,0.3,86.84
VIPIND,2023-03-31,572.7,-8.02,-1.36,75.45
VIPIND,2023-04-28,594.05,-12.13,-3.52,76.53
VIPIND,2023-05-31,606.55,-14.21,-5.66,77.17
VIPIND,2023-06-30,613.7,-15.11,-7.55,77.54
VIPIND,2023-07-31,599.8,-16.75,-9.39,74.97
VIPIND,2023-08-31,665.65,-12.59,-10.03,78.59
VIPIND,2023-09-29,656.15,-9.94,-10.01,76.86
VIPIND,2023-10-31,609.35,-11.49,-10.31,68.82
VIPIND,2023-11-30,606.3,-12.82,-10.81,68.32
VIPIND,2023-12-29,597.65,-14.4,-11.53,66.83
VIPIND,2024-01-31,538.65,-20.18,-13.26,57.62
VIPIND,2024-02-29,552.85,-23.35,-15.28,59.08
VIPIND,2024-03-29,525.5,-27.75,-17.77,55.13
VIPIND,2024-04-30,549.6,-28.96,-20.01,57.81
VIPIND,2024-05-31,486.55,-34.6,-22.93,49.49
VIPIND,2024-06-28,485.05,-38.75,-26.09,49.31
VIPIND,2024-07-31,465.45,-43.12,-29.5,46.89
VIPIND,2024-08-30,486.75,-44.35,-32.47,49.78
VIPIND,2024-09-30,538.05,-40.72,-34.12,55.98
VIPIND,2024-10-31,477.85,-42.22,-35.74,48.42
VIPIND,2024-11-29,514.85,-39.96,-36.58,52.65
VIPIND,2024-12-31,480.15,-40.5,-37.37,48.62
VIPIND,2025-01-31,372.1,-49.08,-39.71,38.69
VIPIND,2025-02-28,302.55,-60.79,-43.92,33.89
VIPIND,2025-03-31,279.7,-71.1,-49.36,32.47
VIPIND,2025-04-30,305.95,-76.27,-54.74,35.81
VIPIND,2025-05-30,361.7,-75.0,-58.79,42.33
VIPIND,2025-06-30,421.15,-68.41,-60.72,48.35
VIPIND,2025-07-31,448.25,-60.31,-60.63,50.87
VIPIND,2025-08-29,419.1,-55.6,-59.63,48.15
VIPIND,2025-09-30,415.95,-51.52,-58.01,47.85
VIPIND,2025-10-31,406.05,-48.54,-56.11,46.87
VIPIND,2025-11-28,377.0,-47.96,-54.48,44.02
VIPIND,2025-12-31,365.6,-47.87,-53.16,42.92
WABAG,2022-12-30,327.65,0.0,0.0,
WABAG,2023-01-31,317.5,-0.81,-0.16,0.0
WABAG,2023-02-28,308.4,-2.16,-0.56,0.0
WABAG,2023-03-31,351.9,0.28,-0.39,24.93
WABAG,2023-04-28,390.3,5.24,0.73,39.32
WABAG,2023-05-31,459.2,14.57,3.5,55.71
WABAG,2023-06-30,489.85,24.16,7.63,60.79
WABAG,2023-07-31,529.15,34.53,13.01,66.15
WABAG,2023-08-31,494.6,39.51,18.31,58.57
WABAG,2023-09-29,458.55,40.08,22.67,51.89
WABAG,2023-10-31,482.3,41.97,26.53,55.49
WABAG,2023-11-30,611.25,53.26,31.87,69.04
WABAG,2023-12-29,627.8,62.81,38.06,70.29
WABAG,2024-01-31,674.45,73.3,45.11,73.53
WABAG,2024-02-29,731.6,85.25,53.14,76.87
WABAG,2024-03-29,763.45,96.18,61.75,78.49
WABAG,2024-04-30,966.05,119.8,73.36,85.48
WABAG,2024-05-31,980.05,138.07,86.3,85.82
WABAG,2024-06-28,1280.9,174.8,104.0,90.83
WABAG,2024-07-31,1342.65,206.51,124.5,91.5
WABAG,2024-08-30,1272.55,223.42,144.29,84.05
WABAG,2024-09-30,1510.5,253.09,166.05,87.71
WABAG,2024-10-31,1777.95,294.8,191.8,90.38
WABAG,2024-11-29,1794.9,325.46,218.53,90.52
WABAG,2024-12-31,1643.1,333.67,241.56,79.34
WABAG,2025-01-31,1372.35,314.7,256.19,64.13
WABAG,2025-02-28,1303.5,290.76,263.1,60.93
WABAG,2025-03-31,1454.65,280.75,266.63,65.05
WABAG,2025-04-30,1285.1,256.18,264.54,57.7
WABAG,2025-05-30,1628.5,261.4,263.91,66.07
WABAG,2025-06-30,1481.4,250.78,261.28,60.54
WABAG,2025-07-31,1585.7,247.92,258.61,62.91
WABAG,2025-08-29,1457.8,232.65,253.42,58.29
WABAG,2025-09-30,1435.0,216.22,245.98,57.48
WABAG,2025-10-31,1414.1,199.22,236.63,56.7
WABAG,2025-11-28,1355.6,178.96,225.09,54.48
WABAG,2025-12-31,1293.6,156.1,211.29,52.14
ZTECH,2024-06-28,224.05,0.0,0.0,
ZTECH,2024-07-31,280.95,4.54,0.91,100.0
ZTECH,2024-08-30,355.0,13.95,3.52,100.0
ZTECH,2024-09-30,420.25,26.37,8.09,100.0
ZTECH,2024-10-31,395.95,33.86,13.24,96.91
ZTECH,2024-11-29,391.15,38.96,18.39,96.28
ZTECH,2024-12-31,569.0,56.7,26.05,97.05
ZTECH,2025-01-31,627.0,74.58,35.76,97.25
ZTECH,2025-02-28,533.0,80.24,44.65,86.97
ZTECH,2025-03-31,594.95,88.7,53.46,87.88
ZTECH,2025-04-30,589.25,93.87,61.54,87.28
ZTECH,2025-05-30,584.15,96.44,68.52,86.71
ZTECH,2025-06-30,560.6,95.47,73.91,83.96
ZTECH,2025-07-31,620.2,98.38,78.81,85.24
ZTECH,2025-08-29,513.5,91.03,81.25,73.92
ZTECH,2025-09-30,596.45,90.85,83.17,76.53
ZTECH,2025-10-31,573.2,87.82,84.1,74.29
ZTECH,2025-11-28,508.4,79.27,83.13,68.28
ZTECH,2025-12-31,626.9,81.13,82.73,72.64
