Symbol,Date,Open,Close,High,Low,Volume
ANANDRATHI,2022-12-30,334.0,350.77,353.42,327.88,273966
ANANDRATHI,2023-01-31,353.38,416.25,427.12,350.42,5830706
ANANDRATHI,2023-02-28,418.5,376.05,431.25,367.77,3723174
ANANDRATHI,2023-03-31,378.0,403.85,413.95,371.0,1582406
ANANDRATHI,2023-04-28,407.0,431.77,442.27,397.6,3895440
ANANDRATHI,2023-05-31,431.75,430.08,450.48,417.88,1805052
ANANDRATHI,2023-06-30,430.0,432.98,444.25,422.55,1053556
ANANDRATHI,2023-07-31,437.5,581.7,589.97,432.0,8810454
ANANDRATHI,2023-08-31,584.5,713.25,766.05,584.47,5253662
ANANDRATHI,2023-09-29,702.65,840.4,864.97,675.5,4467264
ANANDRATHI,2023-10-31,844.65,954.55,986.0,826.0,4576140
ANANDRATHI,2023-11-30,954.55,1297.75,1322.35,954.55,2916876
ANANDRATHI,2023-12-29,1350.0,1296.85,1356.0,1195.0,2522758
ANANDRATHI,2024-01-31,1307.0,1529.12,1550.0,1255.03,3552604
ANANDRATHI,2024-02-29,1544.0,1828.4,1872.5,1535.0,2755420
ANANDRATHI,2024-03-29,1849.5,1847.18,2025.0,1720.0,3870030
ANANDRATHI,2024-04-30,1874.5,1999.12,2124.0,1712.0,3913426
ANANDRATHI,2024-05-31,2014.45,2097.7,2149.98,1925.0,1603512
ANANDRATHI,2024-06-28,2145.0,1953.93,2149.98,1770.65,1288094
ANANDRATHI,2024-07-31,1958.8,1889.18,2147.1,1710.15,2120254
ANANDRATHI,2024-08-30,1864.0,1906.9,1949.0,1733.18,1733466
ANANDRATHI,2024-09-30,1907.5,1962.68,2024.78,1877.1,1685818
ANANDRATHI,2024-10-31,1962.68,2062.98,2191.0,1903.0,4379706
ANANDRATHI,2024-11-29,2083.6,2078.02,2100.0,1881.38,1345114
ANANDRATHI,2024-12-31,2077.98,1972.03,2323.0,1931.57,2702422
ANANDRATHI,2025-01-31,1985.0,1831.1,2125.0,1690.65,4590128
ANANDRATHI,2025-02-28,1831.4,2000.53,2085.32,1756.32,7910450
ANANDRATHI,2025-03-31,2010.0,1912.2,2125.45,1594.0,6725256
ANANDRATHI,2025-04-30,1895.0,1701.8,1902.85,1600.0,2001755
ANANDRATHI,2025-05-30,1692.2,1876.5,1973.9,1641.0,1716296
ANANDRATHI,2025-06-30,1895.3,2159.7,2185.0,1895.3,3910512
ANANDRATHI,2025-07-31,2170.0,2645.6,2730.0,2034.1,11078028
ANANDRATHI,2025-08-29,2645.0,2793.9,2849.1,2540.0,2475030
ANANDRATHI,2025-09-30,2807.0,2826.8,3090.4,2760.0,2829956
ANANDRATHI,2025-10-31,2829.0,3088.4,3321.4,2775.1,11441041
ANANDRATHI,2025-11-28,3111.3,2888.9,3168.0,2771.5,2243675
ANANDRATHI,2025-12-31,2923.2,3030.5,3050.0,2793.0,6511026
BOSCHLTD,2022-12-30,17210.0,17264.2,17464.9,16617.6,140894
BOSCHLTD,2023-01-31,17337.85,17028.6,17524.95,16366.05,249727
BOSCHLTD,2023-02-28,17100.0,17996.25,18525.0,16780.0,492442
BOSCHLTD,2023-03-31,17996.25,19369.9,19504.95,17801.1,647452
BOSCHLTD,2023-04-28,19500.0,19371.85,19654.95,18455.1,463287
BOSCHLTD,2023-05-31,19371.85,18568.4,19850.4,18245.7,578516
BOSCHLTD,2023-06-30,18599.95,19042.35,19449.9,18484.45,403964
BOSCHLTD,2023-07-31,19100.05,18970.3,19990.0,18740.0,619113
BOSCHLTD,2023-08-31,19140.0,18573.85,19200.0,17931.15,550929
BOSCHLTD,2023-09-29,18599.0,19019.7,19749.95,18507.15,446820
BOSCHLTD,2023-10-31,19060.0,19450.95,20932.1,18600.0,501212
BOSCHLTD,2023-11-30,19460.0,21599.55,21850.0,19300.0,557499
BOSCHLTD,2023-12-29,21700.0,22203.8,22300.0,21331.0,542978
BOSCHLTD,2024-01-31,22301.0,23568.15,24172.05,22101.0,508926
BOSCHLTD,2024-02-29,23600.0,28590.85,29300.0,23589.25,930910
BOSCHLTD,2024-03-29,28590.85,30031.3,31150.0,28116.0,812409
BOSCHLTD,2024-04-30,30050.1,29356.05,31400.15,28538.9,765559
BOSCHLTD,2024-05-31,29365.05,30393.75,32229.5,29160.05,2079714
BOSCHLTD,2024-06-28,30555.0,34084.4,36678.0,27500.0,966977
BOSCHLTD,2024-07-31,34000.05,34978.45,35777.8,33100.0,563043
BOSCHLTD,2024-08-30,34853.0,32389.6,35182.8,30900.0,679799
BOSCHLTD,2024-09-30,32389.6,37678.9,38179.9,31922.35,1017909
BOSCHLTD,2024-10-31,37700.0,35121.6,39088.8,34822.35,602083
BOSCHLTD,2024-11-29,35339.0,34966.2,36772.7,32830.5,573006
BOSCHLTD,2024-12-31,34720.1,34100.2,36997.35,33539.3,408302
BOSCHLTD,2025-01-31,34121.0,28729.15,34919.25,27980.05,612941
BOSCHLTD,2025-02-28,28899.0,26544.0,29119.95,26310.75,425231
BOSCHLTD,2025-03-31,26544.0,28358.45,28560.0,26005.0,481142
BOSCHLTD,2025-04-30,28100.15,29455.0,29685.0,25921.6,406153
BOSCHLTD,2025-05-30,29595.0,31415.0,32705.0,29340.0,477247
BOSCHLTD,2025-06-30,31450.0,32680.0,32895.0,30945.0,551769
BOSCHLTD,2025-07-31,32660.0,40385.0,40490.0,32120.0,1305049
BOSCHLTD,2025-08-29,40375.0,39960.0,41290.0,37900.0,774985
BOSCHLTD,2025-09-30,40220.0,38145.0,41945.0,37635.0,648821
BOSCHLTD,2025-10-31,38145.0,37245.0,39520.0,36800.0,394100
BOSCHLTD,2025-11-28,37200.0,36110.0,37950.0,35680.0,439778
BOSCHLTD,2025-12-31,36280.0,36305.0,37250.0,35550.0,276628
CARTRADE,2022-12-30,465.0,468.65,477.8,445.05,309404
CARTRADE,2023-01-31,473.0,501.5,508.75,454.7,1809490
CARTRADE,2023-02-28,519.0,468.35,560.0,463.1,3858063
CARTRADE,2023-03-31,469.5,389.05,510.8,340.15,3881787
CARTRADE,2023-04-28,385.0,423.5,444.0,385.0,2619698
CARTRADE,2023-05-31,426.4,417.0,448.3,407.0,1838941
CARTRADE,2023-06-30,416.9,482.5,552.0,413.9,7710660
CARTRADE,2023-07-31,484.8,501.4,584.8,484.1,9059168
CARTRADE,2023-08-31,502.55,550.05,576.0,484.1,5593057
CARTRADE,2023-09-29,554.5,550.3,614.1,539.05,3140616
CARTRADE,2023-10-31,554.75,672.85,699.5,543.75,3817207
CARTRADE,2023-11-30,673.0,765.65,877.0,656.65,9351098
CARTRADE,2023-12-29,770.0,713.7,792.5,706.0,3141788
CARTRADE,2024-01-31,720.0,729.4,758.0,688.95,2163260
CARTRADE,2024-02-29,732.35,789.65,802.0,672.05,4164119
CARTRADE,2024-03-29,793.95,638.05,799.55,623.9,5117117
CARTRADE,2024-04-30,656.0,701.75,743.9,650.35,2761087
CARTRADE,2024-05-31,706.0,869.65,973.6,705.0,19603497
CARTRADE,2024-06-28,918.35,779.65,918.35,754.0,12177581
CARTRADE,2024-07-31,780.0,867.75,941.75,771.0,5124721
CARTRADE,2024-08-30,874.1,848.2,964.2,817.5,5621426
CARTRADE,2024-09-30,851.0,964.45,1034.3,830.0,13625928
CARTRADE,2024-10-31,972.45,1080.85,1090.6,837.2,5434291
CARTRADE,2024-11-29,1085.0,1355.6,1395.0,1060.0,7179376
CARTRADE,2024-12-31,1360.0,1485.7,1716.9,1322.3,8699208
CARTRADE,2025-01-31,1487.55,1651.4,1765.95,1294.0,13659379
CARTRADE,2025-02-28,1652.0,1528.55,1836.85,1393.0,9925549
CARTRADE,2025-03-31,1528.0,1644.95,1889.0,1472.85,9455791
CARTRADE,2025-04-30,1620.0,1704.3,1789.0,1362.5,8763612
CARTRADE,2025-05-30,1720.0,1553.0,1868.5,1485.0,8862381
CARTRADE,2025-06-30,1525.0,1700.7,1736.0,1506.4,6353496
CARTRADE,2025-07-31,1706.1,2186.5,2219.0,1656.0,15825383
CARTRADE,2025-08-29,2188.2,2398.0,2534.8,2035.4,7860908
CARTRADE,2025-09-30,2421.9,2450.1,2755.0,2222.2,12992959
CARTRADE,2025-10-31,2450.0,3019.5,3180.0,2410.4,12295528
CARTRADE,2025-11-28,3029.9,3087.7,3290.5,2805.6,7347617
CARTRADE,2025-12-31,3118.6,2792.9,3158.7,2605.5,5220671
CEATLTD,2022-12-30,1657.9,1642.5,1673.45,1511.3,878260
CEATLTD,2023-01-31,1644.95,1573.15,1767.1,1491.1,3292611
CEATLTD,2023-02-28,1573.15,1383.6,1613.0,1380.6,1269971
CEATLTD,2023-03-31,1383.6,1450.55,1479.8,1357.0,1350983
CEATLTD,2023-04-28,1450.0,1557.2,1594.0,1381.75,3981953
CEATLTD,2023-05-31,1561.0,1927.8,2185.0,1511.95,12800696
CEATLTD,2023-06-30,1932.35,2077.4,2116.85,1885.45,5108063
CEATLTD,2023-07-31,2110.0,2471.45,2642.0,2025.1,19678096
CEATLTD,2023-08-31,2485.0,2253.1,2498.75,2202.05,3245699
CEATLTD,2023-09-29,2256.0,2122.05,2280.0,2102.0,2047361
CEATLTD,2023-10-31,2122.05,2108.6,2337.0,2056.35,7045447
CEATLTD,2023-11-30,2125.0,2099.9,2239.9,2061.0,4822505
CEATLTD,2023-12-29,2100.0,2427.0,2456.0,2092.35,7702037
CEATLTD,2024-01-31,2458.0,2650.5,2949.0,2380.1,5614102
CEATLTD,2024-02-29,2658.85,2855.4,2993.75,2526.1,4015871
CEATLTD,2024-03-29,2870.0,2682.4,2969.95,2428.2,2433599
CEATLTD,2024-04-30,2728.0,2569.0,2728.0,2448.45,2909005
CEATLTD,2024-05-31,2600.0,2358.2,2646.0,2210.15,4266984
CEATLTD,2024-06-28,2419.95,2821.85,2920.0,2275.0,5129375
CEATLTD,2024-07-31,2819.95,2688.85,2907.35,2498.6,7775248
CEATLTD,2024-08-30,2696.85,2756.3,2955.0,2512.25,4913530
CEATLTD,2024-09-30,2760.0,3154.8,3263.0,2757.05,5743973
CEATLTD,2024-10-31,3160.0,2805.9,3210.0,2680.25,3145282
CEATLTD,2024-11-29,2837.0,3078.15,3090.0,2660.0,1318354
CEATLTD,2024-12-31,3083.25,3232.35,3578.8,2955.05,12505090
CEATLTD,2025-01-31,3232.35,2856.65,3251.95,2776.1,2875471
CEATLTD,2025-02-28,2857.15,2532.5,3098.0,2496.0,1738087
CEATLTD,2025-03-31,2569.55,2879.5,2959.85,2343.05,2178672
CEATLTD,2025-04-30,2860.0,3332.0,3361.1,2504.0,4135914
CEATLTD,2025-05-30,3308.0,3778.7,4044.0,3282.6,6242240
CEATLTD,2025-06-30,3800.0,3684.0,3896.0,3454.1,2437814
CEATLTD,2025-07-31,3686.5,3313.3,4044.0,3272.9,5051357
CEATLTD,2025-08-29,3310.0,3132.2,3334.0,3000.5,1989496
CEATLTD,2025-09-30,3137.0,3383.4,3585.0,3125.4,2592846
CEATLTD,2025-10-31,3384.7,4032.7,4438.0,3363.6,10583123
CEATLTD,2025-11-28,4056.0,3847.0,4199.0,3783.6,2333333
CEATLTD,2025-12-31,3859.9,3903.2,3995.0,3655.2,1921980
CSBBANK,2022-12-30,240.95,237.8,247.8,222.55,3345153
CSBBANK,2023-01-31,237.85,248.35,264.2,235.1,18060336
CSBBANK,2023-02-28,252.0,229.05,256.9,222.05,4644372
CSBBANK,2023-03-31,230.2,245.1,254.25,218.1,9786265
CSBBANK,2023-04-28,255.9,279.5,297.7,250.25,14130507
CSBBANK,2023-05-31,282.0,278.3,295.5,274.1,6587964
CSBBANK,2023-06-30,277.0,284.25,286.1,263.1,5195330
CSBBANK,2023-07-31,288.0,297.95,301.4,282.5,11155797
CSBBANK,2023-08-31,299.75,330.3,336.0,283.45,12459230
CSBBANK,2023-09-29,330.0,336.3,346.7,316.1,9303065
CSBBANK,2023-10-31,341.75,330.4,373.6,311.7,10606124
CSBBANK,2023-11-30,329.05,388.1,398.15,314.75,9519868
CSBBANK,2023-12-29,395.0,418.65,422.25,382.0,7026770
CSBBANK,2024-01-31,418.65,382.25,422.0,365.15,6696855
CSBBANK,2024-02-29,382.25,349.7,396.9,346.05,4869378
CSBBANK,2024-03-29,350.15,354.5,384.65,330.3,6751595
CSBBANK,2024-04-30,357.0,372.85,419.4,355.5,11421967
CSBBANK,2024-05-31,370.7,329.8,376.8,324.25,5988789
CSBBANK,2024-06-28,340.0,378.15,386.0,318.0,9760112
CSBBANK,2024-07-31,378.15,328.0,403.2,327.1,12456352
CSBBANK,2024-08-30,330.05,323.65,339.0,314.3,5421700
CSBBANK,2024-09-30,323.65,313.35,334.95,305.75,6682892
CSBBANK,2024-10-31,313.95,314.0,321.5,292.05,5851893
CSBBANK,2024-11-29,314.0,307.55,322.9,297.05,2492394
CSBBANK,2024-12-31,308.45,313.1,333.0,300.35,8472715
CSBBANK,2025-01-31,313.0,306.1,334.9,288.55,8555336
CSBBANK,2025-02-28,306.1,282.75,312.1,274.3,2534394
CSBBANK,2025-03-31,277.0,302.25,309.9,272.75,3285570
CSBBANK,2025-04-30,302.25,353.25,369.0,287.55,15945321
CSBBANK,2025-05-30,353.25,364.85,376.0,334.15,8910220
CSBBANK,2025-06-30,365.95,394.3,400.8,364.05,7766688
CSBBANK,2025-07-31,404.75,420.2,434.05,390.25,11095975
CSBBANK,2025-08-29,425.95,362.6,445.6,352.2,14530664
CSBBANK,2025-09-30,365.25,371.5,381.0,345.5,10355292
CSBBANK,2025-10-31,372.75,413.35,427.5,366.15,11030307
CSBBANK,2025-11-28,416.9,412.2,447.0,404.1,8098632
CSBBANK,2025-12-31,414.75,412.7,424.75,377.1,4351353
DCMSHRIRAM,2022-12-30,865.5,898.9,902.45,831.0,190041
DCMSHRIRAM,2023-01-31,898.9,863.85,920.0,840.55,516460
DCMSHRIRAM,2023-02-28,871.0,815.25,912.6,807.8,417695
DCMSHRIRAM,2023-03-31,811.1,747.4,876.9,730.2,560602
DCMSHRIRAM,2023-04-28,750.0,817.4,870.7,748.0,1664469
DCMSHRIRAM,2023-05-31,817.4,860.85,872.0,772.05,1117363
DCMSHRIRAM,2023-06-30,864.8,902.75,944.85,841.2,4356065
DCMSHRIRAM,2023-07-31,907.5,838.3,950.0,826.3,1691260
DCMSHRIRAM,2023-08-31,843.0,932.1,964.4,834.0,1221767
DCMSHRIRAM,2023-09-29,942.0,1089.55,1118.5,936.15,4744416
DCMSHRIRAM,2023-10-31,1089.55,926.5,1111.0,915.0,1529071
DCMSHRIRAM,2023-11-30,931.4,959.6,965.0,851.35,1517941
DCMSHRIRAM,2023-12-29,959.6,1028.4,1145.95,940.75,5747517
DCMSHRIRAM,2024-01-31,1028.4,1039.95,1175.0,965.1,3142585
DCMSHRIRAM,2024-02-29,1042.0,954.1,1042.05,945.55,945370
DCMSHRIRAM,2024-03-29,960.7,854.25,976.7,832.4,1361809
DCMSHRIRAM,2024-04-30,855.1,965.9,990.0,855.1,1229596
DCMSHRIRAM,2024-05-31,966.0,998.2,1029.95,938.2,2180663
DCMSHRIRAM,2024-06-28,1010.5,1005.3,1102.0,886.35,1847722
DCMSHRIRAM,2024-07-31,1010.35,1059.6,1093.0,961.0,1201776
DCMSHRIRAM,2024-08-30,1063.0,1152.65,1198.7,1006.15,4328503
DCMSHRIRAM,2024-09-30,1152.0,1035.35,1210.0,1015.4,1727069
DCMSHRIRAM,2024-10-31,1036.0,1048.15,1154.95,953.55,2149464
DCMSHRIRAM,2024-11-29,1050.0,1153.5,1371.1,1011.05,7537349
DCMSHRIRAM,2024-12-31,1157.0,1151.95,1173.0,1014.95,1581485
DCMSHRIRAM,2025-01-31,1144.0,1169.25,1210.95,1010.0,1426553
DCMSHRIRAM,2025-02-28,1168.0,958.0,1168.0,914.2,755832
DCMSHRIRAM,2025-03-31,958.0,1079.15,1233.3,902.6,2527590
DCMSHRIRAM,2025-04-30,1078.0,999.9,1098.45,954.25,997170
DCMSHRIRAM,2025-05-30,990.05,1075.25,1129.1,970.0,4419093
DCMSHRIRAM,2025-06-30,1083.0,1232.8,1253.0,1045.5,2138738
DCMSHRIRAM,2025-07-31,1232.8,1429.6,1502.3,1202.1,15366518
DCMSHRIRAM,2025-08-29,1437.5,1241.1,1439.5,1219.1,1122431
DCMSHRIRAM,2025-09-30,1241.1,1147.9,1414.4,1133.3,6686841
DCMSHRIRAM,2025-10-31,1152.0,1281.2,1409.0,1147.5,4460691
DCMSHRIRAM,2025-11-28,1286.0,1216.0,1291.4,1166.0,4421254
DCMSHRIRAM,2025-12-31,1214.5,1249.4,1324.9,1186.9,8171815
EICHERMOT,2022-12-30,3190.1,3227.75,3490.75,3088.2,3397627
EICHERMOT,2023-01-31,3227.0,3263.35,3278.85,3060.0,10446291
EICHERMOT,2023-02-28,3280.0,3105.9,3354.95,3091.15,13201082
EICHERMOT,2023-03-31,3106.0,2948.85,3219.95,2836.0,11094179
EICHERMOT,2023-04-28,3050.0,3301.1,3308.7,2922.2,11317884
EICHERMOT,2023-05-31,3326.95,3671.95,3727.0,3321.0,16925559
EICHERMOT,2023-06-30,3713.7,3580.1,3748.0,3465.05,10249693
EICHERMOT,2023-07-31,3590.95,3365.5,3666.0,3160.0,28814053
EICHERMOT,2023-08-31,3375.0,3336.6,3478.85,3274.9,14534373
EICHERMOT,2023-09-29,3350.0,3446.95,3539.2,3308.0,12538620
EICHERMOT,2023-10-31,3426.9,3295.55,3546.85,3287.2,7812168
EICHERMOT,2023-11-30,3309.8,3896.9,3920.0,3275.0,11744412
EICHERMOT,2023-12-29,3922.0,4143.5,4200.0,3847.55,15142899
EICHERMOT,2024-01-31,4145.0,3839.6,4145.0,3562.45,13334006
EICHERMOT,2024-02-29,3843.0,3792.4,4018.95,3726.6,13901488
EICHERMOT,2024-03-29,3790.2,4019.3,4075.0,3672.0,14086942
EICHERMOT,2024-04-30,4060.8,4597.4,4689.95,3886.1,17727627
EICHERMOT,2024-05-31,4598.0,4733.45,4908.0,4528.3,14858104
EICHERMOT,2024-06-28,4800.0,4672.95,4976.0,4253.85,12578174
EICHERMOT,2024-07-31,4640.0,4962.7,5058.9,4592.9,12523900
EICHERMOT,2024-08-30,4970.5,4960.5,5023.0,4548.0,13535732
EICHERMOT,2024-09-30,4949.75,5026.25,5105.0,4689.35,11065711
EICHERMOT,2024-10-31,5026.3,4894.65,5045.95,4508.75,13906015
EICHERMOT,2024-11-29,4984.85,4831.85,5067.0,4536.05,11094120
EICHERMOT,2024-12-31,4838.05,4821.9,4954.95,4673.6,7323770
EICHERMOT,2025-01-31,4829.0,5194.3,5385.7,4742.45,12134437
EICHERMOT,2025-02-28,5214.8,4773.6,5575.5,4646.0,12519818
EICHERMOT,2025-03-31,4827.0,5347.7,5499.85,4780.9,7505393
EICHERMOT,2025-04-30,5365.55,5567.0,5906.5,4999.95,8880018
EICHERMOT,2025-05-30,5560.0,5333.5,5628.0,5260.5,11362190
EICHERMOT,2025-06-30,5340.0,5656.5,5685.0,5219.5,10294105
EICHERMOT,2025-07-31,5656.5,5468.5,5774.5,5353.0,7486924
EICHERMOT,2025-08-29,5551.0,6103.0,6269.5,5475.0,11892187
EICHERMOT,2025-09-30,6085.0,7005.5,7122.5,6085.0,13283619
EICHERMOT,2025-10-31,7000.0,7007.0,7104.5,6792.0,7408041
EICHERMOT,2025-11-28,7030.0,7053.5,7284.5,6670.0,10764896
EICHERMOT,2025-12-31,7061.5,7303.0,7338.0,7013.5,7511786
ETERNAL,2022-12-30,58.3,59.3,61.55,53.2,359526040
ETERNAL,2023-01-31,60.65,49.75,60.7,44.35,1302977150
ETERNAL,2023-02-28,50.0,53.5,56.8,47.05,1769772126
ETERNAL,2023-03-31,53.5,51.0,56.35,49.0,1040288520
ETERNAL,2023-04-28,51.5,64.9,66.0,50.9,1053934600
ETERNAL,2023-05-31,64.5,69.05,70.0,60.3,1879386060
ETERNAL,2023-06-30,68.7,75.05,80.3,67.6,1406883900
ETERNAL,2023-07-31,74.8,86.8,87.25,73.0,551359090
ETERNAL,2023-08-31,81.6,97.6,102.85,81.6,2302576700
ETERNAL,2023-09-29,98.3,101.5,105.0,96.5,1214895610
ETERNAL,2023-10-31,101.0,105.1,115.1,100.0,1437653580
ETERNAL,2023-11-30,105.6,118.55,126.35,103.25,1638490430
ETERNAL,2023-12-29,118.0,123.7,131.75,114.15,1026408280
ETERNAL,2024-01-31,124.45,139.55,142.0,122.85,1073252760
ETERNAL,2024-02-29,141.0,165.45,168.85,138.05,1802869960
ETERNAL,2024-03-29,168.0,182.1,189.0,144.3,891100020
ETERNAL,2024-04-30,183.9,193.15,199.7,177.85,718774530
ETERNAL,2024-05-31,193.6,179.15,207.2,171.25,1040838130
ETERNAL,2024-06-28,184.5,200.56,204.7,146.3,874273520
ETERNAL,2024-07-31,199.71,229.45,232.0,194.56,882355480
ETERNAL,2024-08-30,231.0,250.53,280.9,228.0,1738988190
ETERNAL,2024-09-30,252.0,273.3,298.25,240.4,1325696660
ETERNAL,2024-10-31,272.55,241.75,290.0,240.4,1149735070
ETERNAL,2024-11-29,244.4,279.76,289.7,240.0,1015675670
ETERNAL,2024-12-31,281.9,278.05,304.7,269.1,1236795410
ETERNAL,2025-01-31,279.0,220.35,286.0,203.85,1698503910
ETERNAL,2025-02-28,220.35,222.1,242.0,206.75,1004210150
ETERNAL,2025-03-31,222.05,201.7,231.75,199.17,1592711520
ETERNAL,2025-04-30,201.7,232.52,243.45,194.8,1120775940
ETERNAL,2025-05-30,220.05,238.31,246.94,220.05,1510379180
ETERNAL,2025-06-30,237.31,264.15,266.49,236.11,938701480
ETERNAL,2025-07-31,264.75,307.8,314.45,256.2,974633410
ETERNAL,2025-08-29,309.8,313.95,331.35,288.4,1380367840
ETERNAL,2025-09-30,313.95,325.5,343.9,313.95,572403500
ETERNAL,2025-10-31,323.1,317.75,368.45,316.65,622777818
ETERNAL,2025-11-28,316.45,300.1,323.6,294.75,566068980
ETERNAL,2025-12-31,302.3,284.35,305.45,280.3,451099767
FEDERALBNK,2022-12-30,126.1,139.05,141.0,120.9,103656917
FEDERALBNK,2023-01-31,139.75,134.45,143.4,129.4,350521818
FEDERALBNK,2023-02-28,135.45,129.15,136.45,124.1,172984951
FEDERALBNK,2023-03-31,129.85,132.3,136.45,123.65,180350322
FEDERALBNK,2023-04-28,133.0,134.95,136.4,126.0,155399867
FEDERALBNK,2023-05-31,135.55,125.25,140.3,122.3,301244359
FEDERALBNK,2023-06-30,125.25,126.15,128.1,121.0,210747676
FEDERALBNK,2023-07-31,127.2,135.65,139.25,126.45,499307433
FEDERALBNK,2023-08-31,136.4,143.95,146.45,130.5,324579475
FEDERALBNK,2023-09-29,145.1,147.2,151.5,140.8,301288667
FEDERALBNK,2023-10-31,147.5,140.65,152.6,137.25,283542748
FEDERALBNK,2023-11-30,140.6,147.35,155.2,139.65,222033296
FEDERALBNK,2023-12-29,148.75,156.15,159.3,148.0,240104078
FEDERALBNK,2024-01-31,156.2,147.3,157.2,139.4,333473886
FEDERALBNK,2024-02-29,148.15,150.4,166.35,143.35,361380342
FEDERALBNK,2024-03-29,151.4,150.2,158.55,139.65,242629418
FEDERALBNK,2024-04-30,152.0,162.6,164.65,148.5,316749270
FEDERALBNK,2024-05-31,169.5,162.05,170.3,156.35,304910747
FEDERALBNK,2024-06-28,165.25,177.25,179.73,148.0,300115126
FEDERALBNK,2024-07-31,177.3,201.39,205.15,173.91,420914008
FEDERALBNK,2024-08-30,202.0,194.7,206.59,190.26,186416142
FEDERALBNK,2024-09-30,197.5,196.73,197.7,181.73,188611253
FEDERALBNK,2024-10-31,198.5,203.91,205.66,182.0,323005629
FEDERALBNK,2024-11-29,204.25,210.78,214.44,195.04,228043917
FEDERALBNK,2024-12-31,210.78,200.02,217.0,190.55,189060593
FEDERALBNK,2025-01-31,200.4,187.21,207.23,178.09,205672085
FEDERALBNK,2025-02-28,188.24,177.62,189.52,175.01,114854814
FEDERALBNK,2025-03-31,177.81,192.73,200.0,172.66,138436876
FEDERALBNK,2025-04-30,191.72,196.68,205.5,186.51,185389895
FEDERALBNK,2025-05-30,195.93,202.06,204.59,183.15,177043421
FEDERALBNK,2025-06-30,202.2,213.12,214.45,201.71,226251485
FEDERALBNK,2025-07-31,214.35,202.43,220.0,201.14,152979275
FEDERALBNK,2025-08-29,202.68,191.71,202.92,185.11,150063331
FEDERALBNK,2025-09-30,191.71,192.93,200.47,188.4,112434839
FEDERALBNK,2025-10-31,193.0,236.61,237.5,191.6,273998720
FEDERALBNK,2025-11-28,236.62,257.92,258.8,232.42,165953039
FEDERALBNK,2025-12-31,259.7,265.45,271.1,255.35,115738788
FORCEMOT,2022-12-30,1397.0,1386.0,1425.0,1316.0,151624
FORCEMOT,2023-01-31,1386.1,1448.4,1585.0,1386.0,1154010
FORCEMOT,2023-02-28,1455.0,1208.65,1488.0,1198.0,569417
FORCEMOT,2023-03-31,1214.9,1165.35,1299.0,1085.2,538099
FORCEMOT,2023-04-28,1166.0,1342.9,1349.95,1166.0,692836
FORCEMOT,2023-05-31,1342.9,1788.95,1858.9,1299.0,3096922
FORCEMOT,2023-06-30,1788.95,2733.85,2776.95,1788.0,4770679
FORCEMOT,2023-07-31,2710.0,2549.55,2849.0,2450.05,1202895
FORCEMOT,2023-08-31,2578.0,3431.9,3663.0,2400.1,1712202
FORCEMOT,2023-09-29,3457.0,3831.6,4001.85,3395.0,776326
FORCEMOT,2023-10-31,3831.6,3352.35,4173.0,3352.35,493345
FORCEMOT,2023-11-30,3352.35,3352.35,3352.35,3352.35,0
FORCEMOT,2023-12-29,3352.35,3352.35,3352.35,3352.35,0
FORCEMOT,2024-02-29,3352.35,6748.65,6810.0,3352.35,1513837
FORCEMOT,2024-03-29,6870.0,7244.0,7390.0,5822.95,1447118
FORCEMOT,2024-04-30,7309.2,9522.05,10277.85,7300.0,2223818
FORCEMOT,2024-05-31,9579.0,8734.7,9880.0,7945.35,768671
FORCEMOT,2024-06-28,9050.0,8965.4,9599.0,7135.85,493033
FORCEMOT,2024-07-31,8900.0,9244.75,9760.0,8010.05,814290
FORCEMOT,2024-08-30,9323.0,8329.4,9412.0,8080.0,539956
FORCEMOT,2024-09-30,8386.4,7481.7,8561.7,6660.0,979346
FORCEMOT,2024-10-31,7510.0,7863.5,8088.0,6150.0,1258587
FORCEMOT,2024-11-29,7928.0,6892.3,7998.95,6521.0,508220
FORCEMOT,2024-12-31,6950.0,6512.5,7149.0,6374.85,461493
FORCEMOT,2025-01-31,6530.0,6311.3,7638.0,6125.0,1016268
FORCEMOT,2025-02-28,6345.0,6671.15,7080.0,6200.5,829648
FORCEMOT,2025-03-31,6724.5,9045.75,9438.95,6635.35,1462485
FORCEMOT,2025-04-30,9045.75,8914.0,9601.0,8050.0,1685897
FORCEMOT,2025-05-30,8910.0,12649.5,12725.0,8892.0,3437469
FORCEMOT,2025-06-30,12742.0,16077.0,16300.0,11580.0,2929959
FORCEMOT,2025-07-31,16150.0,16944.0,20500.0,14177.0,5522806
FORCEMOT,2025-08-29,17010.0,19477.0,21990.0,16509.0,1940821
FORCEMOT,2025-09-30,19585.0,16795.0,20240.0,16565.0,2555755
FORCEMOT,2025-10-31,16745.0,17654.0,17870.0,14911.0,1873174
FORCEMOT,2025-11-28,17860.0,17818.0,19100.0,16561.0,1231792
FORCEMOT,2025-12-31,17818.0,18453.0,18650.0,16419.0,776628
FORTIS,2022-12-30,276.55,286.1,290.5,269.1,4607174
FORTIS,2023-01-31,284.1,281.65,290.0,274.0,11490340
FORTIS,2023-02-28,281.65,267.25,285.0,261.65,12146242
FORTIS,2023-03-31,268.6,259.9,282.0,245.5,15992514
FORTIS,2023-04-28,262.15,260.8,272.15,251.0,13961334
FORTIS,2023-05-31,261.0,274.7,295.0,258.85,17548984
FORTIS,2023-06-30,275.2,315.05,316.8,271.9,32194615
FORTIS,2023-07-31,319.0,345.85,352.5,310.05,46693617
FORTIS,2023-08-31,345.0,331.65,349.95,308.5,39995889
FORTIS,2023-09-29,332.0,339.95,348.35,321.65,25527731
FORTIS,2023-10-31,342.7,322.95,344.0,313.8,27427641
FORTIS,2023-11-30,323.0,386.0,388.2,323.0,36405105
FORTIS,2023-12-29,384.95,419.2,423.0,375.2,35677819
FORTIS,2024-01-31,424.7,431.9,448.8,408.95,26156805
FORTIS,2024-02-29,435.0,408.0,469.7,398.0,25568073
FORTIS,2024-03-29,399.0,420.2,421.95,375.05,37597365
FORTIS,2024-04-30,426.0,438.55,457.3,421.5,19837823
FORTIS,2024-05-31,440.9,475.1,484.9,434.0,28935313
FORTIS,2024-06-28,489.0,475.35,509.85,406.0,34887363
FORTIS,2024-07-31,479.9,501.9,532.25,453.0,46091776
FORTIS,2024-08-30,502.4,551.8,563.0,480.55,43884211
FORTIS,2024-09-30,558.0,615.1,622.85,537.4,30116109
FORTIS,2024-10-31,615.1,624.7,631.75,572.0,26401790
FORTIS,2024-11-29,643.9,659.2,740.35,604.9,33707823
FORTIS,2024-12-31,660.5,719.85,744.5,649.0,36749307
FORTIS,2025-01-31,722.3,640.2,743.3,577.0,36582492
FORTIS,2025-02-28,644.0,612.7,672.9,587.1,28523234
FORTIS,2025-03-31,602.0,698.35,724.95,595.6,43955488
FORTIS,2025-04-30,699.8,685.55,721.9,595.8,37960455
FORTIS,2025-05-30,686.0,706.3,741.35,646.7,39770556
FORTIS,2025-06-30,706.1,794.5,802.9,702.0,41103881
FORTIS,2025-07-31,794.0,857.45,859.95,757.15,37211184
FORTIS,2025-08-29,859.8,911.5,971.0,848.75,47052188
FORTIS,2025-09-30,918.8,969.8,983.2,914.3,31940302
FORTIS,2025-10-31,971.0,1023.05,1104.3,967.5,53252335
FORTIS,2025-11-28,1024.0,919.1,1040.5,906.7,109967538
FORTIS,2025-12-31,919.1,901.6,921.8,845.4,38230426
FOSECOIND,2022-12-30,1947.0,1935.95,1999.9,1812.1,11093
FOSECOIND,2023-01-31,1912.0,1957.9,2095.0,1862.0,42122
FOSECOIND,2023-02-28,1957.9,2242.15,2259.95,1886.0,115900
FOSECOIND,2023-03-31,2270.0,2199.1,2599.9,2180.2,285515
FOSECOIND,2023-04-28,2268.0,2396.05,2570.0,2165.0,121796
FOSECOIND,2023-05-31,2519.0,2763.4,2785.0,2350.2,218139
FOSECOIND,2023-06-30,2783.95,2554.45,2919.0,2540.0,91761
FOSECOIND,2023-07-31,2559.6,3350.25,3520.0,2553.05,358624
FOSECOIND,2023-08-31,3374.0,3660.65,3930.55,3171.0,283738
FOSECOIND,2023-09-29,3730.0,3398.9,3800.0,3281.05,84937
FOSECOIND,2023-10-31,3429.8,3338.35,3579.0,3161.3,50685
FOSECOIND,2023-11-30,3338.05,3475.3,3700.0,3334.5,85126
FOSECOIND,2023-12-29,3455.65,3832.55,4150.0,3451.4,144825
FOSECOIND,2024-01-31,3882.55,3701.9,3898.0,3510.05,46636
FOSECOIND,2024-02-29,3702.0,3476.5,3920.0,3433.5,89737
FOSECOIND,2024-03-29,3476.5,2912.1,3536.35,2852.05,100281
FOSECOIND,2024-04-30,2940.0,3714.25,3799.0,2940.0,122876
FOSECOIND,2024-05-31,3588.05,3624.0,3850.0,3237.05,67187
FOSECOIND,2024-06-28,3770.0,4203.95,4363.95,3290.55,106902
FOSECOIND,2024-07-31,4182.9,4756.7,5072.15,4032.35,140278
FOSECOIND,2024-08-30,4775.45,4897.3,5426.0,4640.0,200114
FOSECOIND,2024-09-30,4970.75,4717.05,4985.0,4405.15,43325
FOSECOIND,2024-10-31,4749.15,4667.35,4801.25,4207.05,32981
FOSECOIND,2024-11-29,4682.0,4426.15,4699.95,4111.0,25230
FOSECOIND,2024-12-31,4382.2,4035.65,4788.0,3956.35,38443
FOSECOIND,2025-01-31,4076.0,3838.0,4339.9,3700.05,33190
FOSECOIND,2025-02-28,3876.35,3513.15,3947.6,3205.0,19700
FOSECOIND,2025-03-31,3678.0,3434.25,3803.05,3311.0,30245
FOSECOIND,2025-04-30,3434.25,3664.7,4069.9,3250.55,30443
FOSECOIND,2025-05-30,3606.3,4615.2,4794.8,3551.5,77907
FOSECOIND,2025-06-30,4635.2,4989.3,5099.0,4388.7,67339
FOSECOIND,2025-07-31,5007.0,5412.6,5679.0,4699.9,193840
FOSECOIND,2025-08-29,5430.0,6233.0,6680.0,4740.5,833094
FOSECOIND,2025-09-30,6204.5,5358.0,6846.0,5310.0,205256
FOSECOIND,2025-10-31,5424.0,5708.0,6100.0,5220.5,106003
FOSECOIND,2025-11-28,5708.0,5185.5,6005.0,5051.0,30568
FOSECOIND,2025-12-31,5184.0,4986.0,5415.0,4920.5,31870
GANECOS,2022-12-30,890.0,924.4,934.7,842.4,309422
GANECOS,2023-01-31,928.95,901.15,950.0,820.0,744968
GANECOS,2023-02-28,905.7,889.35,905.9,822.25,464822
GANECOS,2023-03-31,893.8,844.35,897.9,799.0,420650
GANECOS,2023-04-28,846.0,996.8,1020.2,838.4,1006445
GANECOS,2023-05-31,1004.25,985.6,1116.0,941.0,1063987
GANECOS,2023-06-30,993.25,1080.7,1147.95,952.2,1226844
GANECOS,2023-07-31,1082.05,1027.7,1099.9,1001.0,727655
GANECOS,2023-08-31,1030.0,1044.35,1128.7,961.0,1790273
GANECOS,2023-09-29,1050.0,985.7,1129.9,940.5,1484181
GANECOS,2023-10-31,990.65,872.65,999.05,867.0,803321
GANECOS,2023-11-30,877.05,999.4,1024.9,811.15,1394459
GANECOS,2023-12-29,1004.4,980.45,1045.0,941.65,947490
GANECOS,2024-01-31,985.2,1130.5,1139.95,946.2,2177482
GANECOS,2024-02-29,1140.05,1071.1,1149.3,1008.85,1497771
GANECOS,2024-03-29,1076.5,985.0,1087.4,900.0,1036254
GANECOS,2024-04-30,996.1,1077.65,1182.0,970.5,961612
GANECOS,2024-05-31,1086.25,1157.7,1205.95,1015.05,2255867
GANECOS,2024-06-28,1199.0,1400.65,1434.0,1016.0,1561935
GANECOS,2024-07-31,1420.0,1608.35,1621.0,1390.1,1223255
GANECOS,2024-08-30,1601.0,1814.8,2049.5,1452.0,1683934
GANECOS,2024-09-30,1834.9,1876.55,2027.75,1739.55,1260298
GANECOS,2024-10-31,1893.25,2103.7,2437.4,1775.5,3381534
GANECOS,2024-11-29,2130.0,2399.05,2470.0,2060.85,2573271
GANECOS,2024-12-31,2418.8,2016.55,2484.2,1936.8,1765860
GANECOS,2025-01-31,2000.0,1726.45,2050.9,1459.5,2179458
GANECOS,2025-02-28,1702.0,1312.4,1923.85,1295.25,1903922
GANECOS,2025-03-31,1319.9,1557.05,1672.45,1244.75,1728781
GANECOS,2025-04-30,1578.0,1444.9,1742.3,1262.0,1498851
GANECOS,2025-05-30,1444.9,1534.3,1718.0,1405.0,1587174
GANECOS,2025-06-30,1526.3,1494.9,1588.0,1447.5,1413105
GANECOS,2025-07-31,1501.6,1484.9,1581.0,1451.0,1414454
GANECOS,2025-08-29,1485.0,1330.9,1498.9,1280.0,1153785
GANECOS,2025-09-30,1315.0,1178.2,1396.0,1148.8,850662
GANECOS,2025-10-31,1189.0,1220.2,1264.0,1176.3,922672
GANECOS,2025-11-28,1212.3,917.2,1236.0,829.5,4478585
GANECOS,2025-12-31,926.4,863.55,937.95,843.95,1316274
GHCL,2022-12-30,497.05,510.4,519.7,480.0,1261163
GHCL,2023-01-31,513.0,491.45,552.2,464.15,5092947
GHCL,2023-02-28,494.9,514.6,531.0,482.25,3811575
GHCL,2023-03-31,528.6,503.55,528.6,488.0,6453896
GHCL,2023-04-28,516.45,484.65,551.0,469.65,2743349
GHCL,2023-05-31,489.0,484.35,523.2,481.1,2992403
GHCL,2023-06-30,487.0,515.25,527.05,481.55,4961745
GHCL,2023-07-31,520.0,531.25,549.8,506.0,5343254
GHCL,2023-08-31,532.0,621.5,630.15,503.7,14817926
GHCL,2023-09-29,627.9,615.55,659.9,598.0,9112425
GHCL,2023-10-31,615.55,581.3,652.4,561.25,5013269
GHCL,2023-11-30,581.3,551.3,584.15,517.0,6263528
GHCL,2023-12-29,555.9,581.0,599.7,544.8,6855433
GHCL,2024-01-31,587.0,584.55,629.0,566.8,5387490
GHCL,2024-02-29,581.2,510.55,595.85,496.0,5882032
GHCL,2024-03-29,510.55,443.25,514.55,434.95,6095595
GHCL,2024-04-30,453.0,513.25,537.5,452.05,4597389
GHCL,2024-05-31,520.0,503.95,527.05,472.0,4301983
GHCL,2024-06-28,511.0,563.5,568.7,475.0,7668216
GHCL,2024-07-31,554.5,560.0,580.0,521.0,7136396
GHCL,2024-08-30,562.8,698.15,726.8,538.0,23916786
GHCL,2024-09-30,698.15,681.9,704.9,625.05,5371745
GHCL,2024-10-31,685.05,596.65,688.2,536.1,4648684
GHCL,2024-11-29,596.65,601.6,621.0,550.0,2420631
GHCL,2024-12-31,604.0,723.5,759.4,596.0,12635515
GHCL,2025-01-31,740.0,731.05,779.0,650.5,8783867
GHCL,2025-02-28,734.0,578.0,747.05,550.45,4427937
GHCL,2025-03-31,578.0,614.85,670.0,557.6,3388370
GHCL,2025-04-30,615.9,582.4,644.65,511.05,2650131
GHCL,2025-05-30,580.0,612.7,648.5,555.0,3107523
GHCL,2025-06-30,612.7,613.25,655.0,568.0,3783103
GHCL,2025-07-31,618.1,596.8,635.0,583.5,3305124
GHCL,2025-08-29,596.8,552.0,605.5,541.95,1660598
GHCL,2025-09-30,550.05,604.95,611.0,540.0,2367427
GHCL,2025-10-31,605.6,640.2,667.2,596.15,3570235
GHCL,2025-11-28,629.9,575.2,643.45,561.95,4086020
GHCL,2025-12-31,573.0,571.35,622.8,555.0,3532428
GPIL,2022-12-30,341.0,373.05,382.0,312.7,3418922
GPIL,2023-01-31,373.55,399.25,415.4,367.7,10355072
GPIL,2023-02-28,400.15,342.0,404.55,337.85,4928808
GPIL,2023-03-31,346.0,348.9,396.0,340.0,7460601
GPIL,2023-04-28,346.0,357.0,386.05,344.6,3332405
GPIL,2023-05-31,357.0,359.6,391.8,352.85,6376603
GPIL,2023-06-30,359.95,528.55,544.9,357.45,27159074
GPIL,2023-07-31,534.0,567.85,577.75,507.55,17922390
GPIL,2023-08-31,570.0,619.3,625.0,553.65,17096922
GPIL,2023-09-29,623.6,633.55,640.25,554.3,10697466
GPIL,2023-10-31,632.0,615.95,674.7,572.85,11680191
GPIL,2023-11-30,619.9,686.85,697.4,596.0,9490232
GPIL,2023-12-29,687.75,756.85,765.0,670.0,9124843
GPIL,2024-01-31,151.6,152.32,160.0,138.87,37157595
GPIL,2024-02-29,152.41,148.34,168.88,143.2,48923095
GPIL,2024-03-29,151.6,151.46,155.53,131.6,44157680
GPIL,2024-04-30,151.34,177.99,183.0,146.01,66293975
GPIL,2024-05-31,178.49,193.42,195.7,172.0,42222935
GPIL,2024-06-28,204.0,212.82,234.9,177.22,60062525
GPIL,2024-07-31,213.92,224.58,244.79,204.55,50377905
GPIL,2024-08-30,225.8,189.93,233.39,184.0,57671145
GPIL,2024-09-30,189.93,222.0,224.58,180.63,66701135
GPIL,2024-10-31,223.0,195.65,224.0,161.45,50931417
GPIL,2024-11-29,195.9,188.39,207.2,180.43,20460393
GPIL,2024-12-31,188.01,202.08,253.4,185.45,76567194
GPIL,2025-01-31,201.01,180.23,214.45,161.5,31124028
GPIL,2025-02-28,179.39,155.75,189.87,155.0,27156095
GPIL,2025-03-31,155.11,180.12,191.75,145.75,45255593
GPIL,2025-04-30,181.61,182.34,209.75,168.0,40748556
GPIL,2025-05-30,182.35,190.48,210.4,170.1,32676291
GPIL,2025-06-30,192.23,189.39,198.0,175.37,27386337
GPIL,2025-07-31,189.02,194.19,198.2,179.25,29730905
GPIL,2025-08-29,194.0,232.38,249.5,185.32,73767753
GPIL,2025-09-30,240.0,244.8,278.0,235.3,139999114
GPIL,2025-10-31,244.8,283.74,290.0,236.02,56478947
GPIL,2025-11-28,283.1,235.2,287.8,232.55,46537774
GPIL,2025-12-31,235.9,258.95,260.31,221.21,29973151
GRAVITA,2022-12-30,418.0,449.6,459.0,398.0,2174646
GRAVITA,2023-01-31,450.25,518.65,532.9,416.0,11385955
GRAVITA,2023-02-28,520.95,457.2,539.95,450.6,6773083
GRAVITA,2023-03-31,455.0,484.65,508.7,440.1,4652661
GRAVITA,2023-04-28,488.0,508.4,526.75,485.0,2870932
GRAVITA,2023-05-31,512.0,615.15,617.55,506.75,9378848
GRAVITA,2023-06-30,615.15,606.95,641.25,581.8,6417290
GRAVITA,2023-07-31,607.4,672.25,698.6,595.05,5110660
GRAVITA,2023-08-31,677.45,782.05,795.75,665.1,4702705
GRAVITA,2023-09-29,767.05,910.15,964.4,706.6,9003314
GRAVITA,2023-10-31,910.15,995.15,1020.0,861.9,4121526
GRAVITA,2023-11-30,1025.0,1118.55,1166.0,1011.0,2448245
GRAVITA,2023-12-29,1125.0,1096.15,1140.5,995.0,2160164
GRAVITA,2024-01-31,1090.6,931.75,1100.5,842.3,5029286
GRAVITA,2024-02-29,910.8,952.6,1014.3,858.0,4271824
GRAVITA,2024-03-29,964.95,998.75,1045.85,730.0,4952439
GRAVITA,2024-04-30,1013.2,977.95,1115.0,950.15,2735839
GRAVITA,2024-05-31,950.0,1075.45,1156.55,885.05,6483329
GRAVITA,2024-06-28,1120.0,1476.2,1635.0,915.0,15777341
GRAVITA,2024-07-31,1475.0,1640.15,1763.95,1310.1,7013240
GRAVITA,2024-08-30,1698.0,2277.15,2544.0,1550.0,16856299
GRAVITA,2024-09-30,2297.0,2453.05,2700.0,2157.0,7350422
GRAVITA,2024-10-31,2468.0,2119.8,2609.85,1951.3,6129428
GRAVITA,2024-11-29,2155.05,2176.8,2335.0,2018.0,3390867
GRAVITA,2024-12-31,2176.95,2179.5,2474.85,2103.0,9545592
GRAVITA,2025-01-31,2179.45,2065.1,2336.0,1760.35,6045328
GRAVITA,2025-02-28,2052.65,1594.7,2090.0,1575.0,4691959
GRAVITA,2025-03-31,1599.0,1831.95,1939.55,1434.0,7154598
GRAVITA,2025-04-30,1815.0,1752.5,2025.0,1379.65,8950331
GRAVITA,2025-05-30,1752.8,1829.9,2170.0,1740.0,12414969
GRAVITA,2025-06-30,1831.0,1880.7,1937.9,1637.4,7878882
GRAVITA,2025-07-31,1885.0,1873.5,1949.0,1703.0,7207038
GRAVITA,2025-08-29,1885.0,1619.7,1887.4,1614.0,3914736
GRAVITA,2025-09-30,1619.7,1569.8,1756.6,1550.0,5257914
GRAVITA,2025-10-31,1575.5,1667.1,1764.0,1533.1,8770258
GRAVITA,2025-11-28,1677.0,1823.3,1903.3,1674.6,8883975
GRAVITA,2025-12-31,1825.1,1845.1,1877.4,1730.0,3249462
GREAVESCOT,2022-12-30,130.0,140.25,141.8,124.35,6321011
GREAVESCOT,2023-01-31,140.4,145.05,148.6,131.85,30069697
GREAVESCOT,2023-02-28,146.8,128.1,149.4,128.0,19064640
GREAVESCOT,2023-03-31,128.35,126.05,133.95,118.15,24194373
GREAVESCOT,2023-04-28,126.9,133.45,139.15,126.7,13470132
GREAVESCOT,2023-05-31,133.5,130.4,165.0,128.5,70799727
GREAVESCOT,2023-06-30,130.5,134.75,142.9,129.0,31768032
GREAVESCOT,2023-07-31,135.4,136.15,142.25,133.25,23807740
GREAVESCOT,2023-08-31,136.55,150.55,151.0,129.0,45108612
GREAVESCOT,2023-09-29,151.0,138.3,154.95,137.3,27927854
GREAVESCOT,2023-10-31,138.0,125.7,139.3,121.05,14078369
GREAVESCOT,2023-11-30,126.2,132.1,137.0,122.5,15552354
GREAVESCOT,2023-12-29,132.4,151.95,154.0,131.65,46979585
GREAVESCOT,2024-01-31,152.25,163.7,175.7,145.3,65175093
GREAVESCOT,2024-02-29,164.0,151.25,174.0,146.0,54564672
GREAVESCOT,2024-03-29,153.35,126.6,157.4,123.5,33271023
GREAVESCOT,2024-04-30,126.1,141.45,144.25,126.1,26528224
GREAVESCOT,2024-05-31,142.8,121.85,147.25,121.35,26070687
GREAVESCOT,2024-06-28,126.1,131.41,139.29,112.05,25104857
GREAVESCOT,2024-07-31,131.99,175.9,181.4,131.41,110432940
GREAVESCOT,2024-08-30,176.1,167.96,184.25,153.11,69815304
GREAVESCOT,2024-09-30,168.0,174.57,192.7,161.05,70544244
GREAVESCOT,2024-10-31,175.0,186.07,199.0,159.0,72399636
GREAVESCOT,2024-11-29,186.89,186.98,199.44,154.5,42239460
GREAVESCOT,2024-12-31,194.5,277.47,319.5,187.2,473498532
GREAVESCOT,2025-01-31,280.0,265.95,290.95,216.9,139226102
GREAVESCOT,2025-02-28,267.8,228.65,305.85,226.05,122529588
GREAVESCOT,2025-03-31,229.49,214.8,244.2,202.12,54234170
GREAVESCOT,2025-04-30,213.91,199.57,220.24,168.25,75112750
GREAVESCOT,2025-05-30,198.96,199.49,219.39,180.35,41809128
GREAVESCOT,2025-06-30,200.0,204.01,216.79,191.25,31463619
GREAVESCOT,2025-07-31,203.5,226.21,244.3,194.01,102521079
GREAVESCOT,2025-08-29,227.44,198.16,231.0,197.48,43044009
GREAVESCOT,2025-09-30,198.3,211.85,234.8,198.26,69325340
GREAVESCOT,2025-10-31,212.49,228.03,236.9,200.99,41376953
GREAVESCOT,2025-11-28,227.61,201.83,227.61,200.02,36669408
GREAVESCOT,2025-12-31,201.99,188.88,203.6,175.02,16742741
IONEXCHANG,2022-12-30,250.01,276.15,280.49,244.1,1796860
IONEXCHANG,2023-01-31,279.0,261.78,289.9,243.21,3367670
IONEXCHANG,2023-02-28,263.99,337.09,340.63,261.78,12220880
IONEXCHANG,2023-03-31,339.5,341.39,354.9,303.02,5328100
IONEXCHANG,2023-04-28,344.8,328.06,354.9,321.51,4334610
IONEXCHANG,2023-05-31,334.49,381.55,413.45,325.92,7708490
IONEXCHANG,2023-06-30,380.9,412.9,439.6,379.9,8515617
IONEXCHANG,2023-07-31,418.7,529.65,609.8,415.95,8168575
IONEXCHANG,2023-08-31,532.6,566.85,575.0,456.0,7217944
IONEXCHANG,2023-09-29,566.0,518.2,591.95,475.0,8173774
IONEXCHANG,2023-10-31,518.05,531.95,686.95,500.0,7323113
IONEXCHANG,2023-11-30,536.7,582.8,606.95,521.0,6434755
IONEXCHANG,2023-12-29,582.0,562.2,634.75,547.05,8239775
IONEXCHANG,2024-01-31,562.9,510.2,580.0,492.05,5287026
IONEXCHANG,2024-02-29,516.5,484.5,535.0,469.1,4861974
IONEXCHANG,2024-03-29,488.95,506.65,517.0,434.35,5598004
IONEXCHANG,2024-04-30,514.05,567.9,584.45,511.0,7079843
IONEXCHANG,2024-05-31,570.7,510.1,575.65,445.0,4553858
IONEXCHANG,2024-06-28,527.0,574.5,590.75,406.95,9246282
IONEXCHANG,2024-07-31,587.8,695.5,768.4,585.05,23271799
IONEXCHANG,2024-08-30,701.4,648.95,742.45,640.0,10483625
IONEXCHANG,2024-09-30,649.45,638.45,709.15,632.1,11954224
IONEXCHANG,2024-10-31,639.0,702.0,705.0,605.4,7536012
IONEXCHANG,2024-11-29,705.05,662.5,723.1,621.2,4215798
IONEXCHANG,2024-12-31,667.4,657.2,744.2,630.0,8686721
IONEXCHANG,2025-01-31,657.2,581.65,674.8,525.05,5183162
IONEXCHANG,2025-02-28,592.9,499.9,608.95,475.3,4058671
IONEXCHANG,2025-03-31,499.9,467.15,518.4,451.05,4953615
IONEXCHANG,2025-04-30,469.9,499.1,540.0,405.0,4079435
IONEXCHANG,2025-05-30,496.0,544.25,579.0,484.85,3561715
IONEXCHANG,2025-06-30,544.25,543.2,565.3,505.1,3943575
IONEXCHANG,2025-07-31,543.3,465.2,580.75,455.35,6194374
IONEXCHANG,2025-08-29,466.55,417.45,469.75,416.2,2671385
IONEXCHANG,2025-09-30,419.55,403.7,436.9,399.5,4370661
IONEXCHANG,2025-10-31,404.85,400.25,416.6,384.5,2498707
IONEXCHANG,2025-11-28,400.0,350.5,407.95,342.85,2481997
IONEXCHANG,2025-12-31,350.5,371.6,416.5,330.95,13818412
JAYNECOIND,2022-12-30,23.8,25.0,25.5,22.15,980055
JAYNECOIND,2023-01-31,25.75,22.4,26.1,21.1,3478271
JAYNECOIND,2023-02-28,22.7,22.15,23.8,21.3,1612241
JAYNECOIND,2023-03-31,22.25,21.15,25.0,20.15,4251804
JAYNECOIND,2023-04-28,21.0,22.9,23.8,21.0,2970266
JAYNECOIND,2023-05-31,23.0,21.75,24.0,21.45,3785195
JAYNECOIND,2023-06-30,21.55,23.0,25.9,21.55,6096051
JAYNECOIND,2023-07-31,23.35,30.45,31.5,21.6,19781226
JAYNECOIND,2023-08-31,30.5,30.65,33.45,26.15,12426920
JAYNECOIND,2023-09-29,30.65,35.25,42.9,30.5,22991549
JAYNECOIND,2023-10-31,35.2,34.75,40.95,31.95,7997280
JAYNECOIND,2023-11-30,35.5,45.4,51.95,34.5,19416562
JAYNECOIND,2023-12-29,46.25,46.85,53.65,42.05,15645648
JAYNECOIND,2024-01-31,47.6,47.6,50.95,43.5,8657509
JAYNECOIND,2024-02-29,47.65,52.8,65.4,46.55,17591737
JAYNECOIND,2024-03-29,53.1,47.55,55.8,43.5,6619922
JAYNECOIND,2024-04-30,49.15,55.45,58.85,48.2,6893317
JAYNECOIND,2024-05-31,52.7,45.6,53.45,44.8,4613055
JAYNECOIND,2024-06-28,46.55,48.3,54.14,42.8,9884081
JAYNECOIND,2024-07-31,48.44,53.95,55.2,44.55,15662299
JAYNECOIND,2024-08-30,54.4,46.23,55.5,44.95,11667325
JAYNECOIND,2024-09-30,46.99,49.8,55.0,45.5,18385208
JAYNECOIND,2024-10-31,50.16,42.81,51.39,38.76,7679401
JAYNECOIND,2024-11-29,43.25,41.91,45.0,37.65,2776852
JAYNECOIND,2024-12-31,41.9,39.38,44.7,36.42,5745747
JAYNECOIND,2025-01-31,39.5,38.08,45.2,35.27,6414406
JAYNECOIND,2025-02-28,37.9,31.55,40.0,31.31,2120042
JAYNECOIND,2025-03-31,31.0,29.94,36.3,28.0,5237046
JAYNECOIND,2025-04-30,29.94,41.09,47.9,29.21,9831840
JAYNECOIND,2025-05-30,40.0,40.55,46.49,36.25,10092882
JAYNECOIND,2025-06-30,40.47,37.95,43.2,37.8,9350472
JAYNECOIND,2025-07-31,38.3,52.61,54.64,34.9,1346534040
JAYNECOIND,2025-08-29,52.92,57.77,65.5,48.03,1300385835
JAYNECOIND,2025-09-30,58.2,67.3,75.57,57.12,474712245
JAYNECOIND,2025-10-31,67.6,77.69,81.2,66.75,227438645
JAYNECOIND,2025-11-28,77.86,71.6,78.9,69.74,100677285
JAYNECOIND,2025-12-31,71.6,77.67,79.9,64.4,100737225
KEC,2022-12-30,458.2,494.45,508.9,437.35,3506552
KEC,2023-01-31,494.0,454.9,525.95,451.15,7827554
KEC,2023-02-28,450.0,449.25,503.8,435.55,6262110
KEC,2023-03-31,451.5,456.35,484.8,445.0,4036656
KEC,2023-04-28,457.0,458.95,498.0,448.25,5914361
KEC,2023-05-31,461.9,522.5,571.6,444.0,31424602
KEC,2023-06-30,526.5,551.15,586.15,523.25,14644412
KEC,2023-07-31,551.15,633.85,680.0,550.0,12493664
KEC,2023-08-31,635.15,671.45,699.0,610.2,20593452
KEC,2023-09-29,671.35,662.5,747.7,638.1,11193455
KEC,2023-10-31,659.55,628.3,689.95,597.0,5153990
KEC,2023-11-30,636.8,578.35,645.5,550.05,11094170
KEC,2023-12-29,581.25,589.2,636.9,579.3,7425280
KEC,2024-01-31,595.75,657.65,675.0,588.0,11414810
KEC,2024-02-29,664.05,726.65,737.5,637.0,11439064
KEC,2024-03-29,727.0,694.25,769.5,649.0,12596666
KEC,2024-04-30,705.0,748.8,838.85,690.25,29254408
KEC,2024-05-31,750.75,738.5,811.95,715.05,12699953
KEC,2024-06-28,784.0,886.9,950.0,671.05,21542737
KEC,2024-07-31,889.75,925.35,968.8,828.0,22132207
KEC,2024-08-30,929.35,947.35,969.0,810.0,35412127
KEC,2024-09-30,956.0,1038.55,1068.0,920.8,35257675
KEC,2024-10-31,1036.55,984.9,1061.0,879.4,9780634
KEC,2024-11-29,993.95,1054.3,1094.7,941.05,21780100
KEC,2024-12-31,1078.8,1198.8,1313.25,1056.6,25282043
KEC,2025-01-31,1200.0,840.8,1242.55,744.65,21151370
KEC,2025-02-28,848.0,686.45,919.9,665.0,25865859
KEC,2025-03-31,686.0,782.75,861.65,648.6,57941913
KEC,2025-04-30,784.1,698.2,805.0,627.45,25721327
KEC,2025-05-30,700.0,832.4,926.65,675.6,43374157
KEC,2025-06-30,833.95,918.45,947.0,828.85,24991140
KEC,2025-07-31,918.45,861.5,921.0,850.5,10060021
KEC,2025-08-29,861.2,808.1,865.0,775.3,16972163
KEC,2025-09-30,810.0,872.95,937.8,805.0,28742030
KEC,2025-10-31,862.9,817.75,893.0,816.0,9015370
KEC,2025-11-28,818.0,685.75,821.05,682.0,35636197
KEC,2025-12-31,688.0,743.15,764.8,668.7,20342512
KPITTECH,2022-12-30,703.0,704.25,718.7,622.55,7167055
KPITTECH,2023-01-31,707.8,762.9,772.35,675.65,27696072
KPITTECH,2023-02-28,775.0,829.65,876.15,734.35,44449500
KPITTECH,2023-03-31,830.9,925.1,946.65,768.0,46175389
KPITTECH,2023-04-28,928.45,916.8,948.8,741.0,66939695
KPITTECH,2023-05-31,921.35,1063.05,1073.8,874.5,30176790
KPITTECH,2023-06-30,1060.0,1089.8,1160.0,1030.1,30536555
KPITTECH,2023-07-31,1096.05,1082.75,1109.5,961.0,29209414
KPITTECH,2023-08-31,1088.4,1175.9,1202.0,1075.05,23114275
KPITTECH,2023-09-29,1182.0,1152.3,1219.3,1038.0,15842558
KPITTECH,2023-10-31,1152.4,1217.55,1254.7,1091.2,24183637
KPITTECH,2023-11-30,1224.0,1499.3,1640.0,1204.0,37931084
KPITTECH,2023-12-29,1506.95,1513.85,1558.0,1426.1,24076661
KPITTECH,2024-01-31,1513.85,1550.8,1584.0,1326.55,28743290
KPITTECH,2024-02-29,1550.8,1570.55,1764.0,1516.4,23412828
KPITTECH,2024-03-29,1580.0,1486.4,1595.9,1328.4,23758444
KPITTECH,2024-04-30,1497.0,1494.2,1561.9,1361.0,23961698
KPITTECH,2024-05-31,1499.95,1457.25,1616.0,1423.7,17138160
KPITTECH,2024-06-28,1525.0,1634.75,1698.7,1293.05,24583279
KPITTECH,2024-07-31,1650.0,1842.6,1928.7,1636.0,33195846
KPITTECH,2024-08-30,1873.5,1815.15,1921.0,1685.0,15790629
KPITTECH,2024-09-30,1815.15,1628.0,1859.95,1625.0,17167543
KPITTECH,2024-10-31,1641.5,1393.25,1822.9,1309.05,35510429
KPITTECH,2024-11-29,1425.0,1368.8,1520.0,1283.25,21373157
KPITTECH,2024-12-31,1361.0,1464.7,1563.35,1340.0,27276471
KPITTECH,2025-01-31,1468.0,1409.2,1500.0,1223.25,38362162
KPITTECH,2025-02-28,1415.0,1197.4,1475.0,1192.0,16041310
KPITTECH,2025-03-31,1194.95,1307.45,1414.0,1142.3,17540262
KPITTECH,2025-04-30,1306.6,1253.6,1328.8,1020.6,39450743
KPITTECH,2025-05-30,1253.6,1337.8,1404.0,1212.0,21261238
KPITTECH,2025-06-30,1337.8,1258.7,1434.5,1255.8,31841367
KPITTECH,2025-07-31,1265.0,1226.4,1300.9,1180.0,21769787
KPITTECH,2025-08-29,1226.4,1190.5,1237.5,1167.5,14603672
KPITTECH,2025-09-30,1192.0,1097.7,1328.0,1066.2,23389030
KPITTECH,2025-10-31,1110.0,1166.7,1228.8,1105.6,16021525
KPITTECH,2025-11-28,1166.7,1222.4,1251.7,1141.0,14629333
KPITTECH,2025-12-31,1218.3,1230.2,1284.9,1150.0,10839945
LUMAXTECH,2022-12-30,229.0,239.5,243.4,202.05,565757
LUMAXTECH,2023-01-31,244.25,225.25,244.5,218.6,942820
LUMAXTECH,2023-02-28,225.5,265.8,274.8,211.1,7384586
LUMAXTECH,2023-03-31,262.25,268.9,288.65,245.1,4626747
LUMAXTECH,2023-04-28,270.1,312.4,328.8,267.6,5967425
LUMAXTECH,2023-05-31,310.1,297.9,342.05,291.0,7263939
LUMAXTECH,2023-06-30,302.35,353.1,369.7,299.25,8052348
LUMAXTECH,2023-07-31,354.05,375.15,394.0,344.3,2911364
LUMAXTECH,2023-08-31,376.0,372.8,469.95,367.3,6738431
LUMAXTECH,2023-09-29,372.9,362.0,384.4,353.2,2997955
LUMAXTECH,2023-10-31,362.0,352.95,385.95,332.35,1999871
LUMAXTECH,2023-11-30,353.0,389.5,412.0,352.35,3184704
LUMAXTECH,2023-12-29,393.95,385.5,406.75,368.0,3139369
LUMAXTECH,2024-01-31,386.45,389.7,403.95,362.5,2830511
LUMAXTECH,2024-02-29,410.0,480.85,498.9,374.55,18585688
LUMAXTECH,2024-03-29,482.0,483.2,489.85,398.7,4663865
LUMAXTECH,2024-04-30,494.0,478.1,515.0,442.2,3326915
LUMAXTECH,2024-05-31,478.8,485.3,509.7,450.7,3243104
LUMAXTECH,2024-06-28,492.0,582.9,595.6,424.05,7731939
LUMAXTECH,2024-07-31,582.55,562.8,609.95,525.3,3551991
LUMAXTECH,2024-08-30,568.4,526.25,575.05,513.95,2188441
LUMAXTECH,2024-09-30,528.5,562.4,596.25,500.2,4558169
LUMAXTECH,2024-10-31,567.0,521.95,584.95,469.75,2024932
LUMAXTECH,2024-11-29,527.4,521.0,548.0,480.0,1816562
LUMAXTECH,2024-12-31,522.4,645.35,665.0,517.8,4544902
LUMAXTECH,2025-01-31,654.0,543.1,684.5,495.0,3663601
LUMAXTECH,2025-02-28,539.65,500.15,579.6,495.05,1686897
LUMAXTECH,2025-03-31,502.8,539.95,584.0,480.0,1700478
LUMAXTECH,2025-04-30,534.55,520.95,567.5,449.0,1686391
LUMAXTECH,2025-05-30,520.95,811.55,834.0,509.55,6925269
LUMAXTECH,2025-06-30,811.55,1176.1,1198.0,805.95,12329304
LUMAXTECH,2025-07-31,1190.0,1101.9,1209.0,1001.1,2489452
LUMAXTECH,2025-08-29,1095.4,1174.7,1254.0,954.1,4393714
LUMAXTECH,2025-09-30,1180.5,1249.8,1337.9,1024.6,5901132
LUMAXTECH,2025-10-31,1252.2,1127.7,1336.5,1120.0,3095481
LUMAXTECH,2025-11-28,1138.0,1536.3,1542.0,1131.3,8063493
LUMAXTECH,2025-12-31,1543.0,1574.7,1620.0,1396.2,3970383
MACPOWER,2022-12-30,321.15,337.1,361.05,295.55,226274
MACPOWER,2023-01-31,342.15,319.0,342.25,300.2,233876
MACPOWER,2023-02-28,324.75,295.05,331.0,275.05,303592
MACPOWER,2023-03-31,292.05,275.8,321.85,267.0,172324
MACPOWER,2023-04-28,272.0,306.4,324.9,270.25,195549
MACPOWER,2023-05-31,305.0,281.6,353.45,278.0,435507
MACPOWER,2023-06-30,283.3,315.95,358.3,274.9,1354068
MACPOWER,2023-07-31,324.85,282.5,326.45,279.5,452903
MACPOWER,2023-08-31,285.0,299.65,309.0,207.4,3505907
MACPOWER,2023-09-29,303.95,288.55,346.9,285.0,924085
MACPOWER,2023-10-31,288.55,479.35,529.55,288.5,6016048
MACPOWER,2023-11-30,479.35,625.75,625.75,448.9,498998
MACPOWER,2023-12-29,638.25,597.7,677.2,597.7,196312
MACPOWER,2024-01-31,567.85,924.65,924.65,567.85,622343
MACPOWER,2024-02-29,943.1,878.8,1020.75,878.8,225361
MACPOWER,2024-03-29,870.0,1106.7,1126.95,836.05,314553
MACPOWER,2024-04-30,1128.8,1265.5,1265.5,1128.8,110819
MACPOWER,2024-05-31,1328.75,1433.95,1528.0,1231.0,388704
MACPOWER,2024-06-28,1505.6,1388.0,1531.95,1301.0,327976
MACPOWER,2024-07-31,1420.0,1593.85,1736.95,1235.0,420503
MACPOWER,2024-08-30,1570.0,1390.35,1625.0,1355.1,226653
MACPOWER,2024-09-30,1459.85,1305.15,1459.85,1252.05,299123
MACPOWER,2024-10-31,1329.95,1225.25,1329.95,1080.0,343874
MACPOWER,2024-11-29,1250.0,1422.05,1495.0,1202.0,398617
MACPOWER,2024-12-31,1400.0,1505.4,1610.95,1361.1,469646
MACPOWER,2025-01-31,1532.5,1292.2,1532.5,1040.85,307460
MACPOWER,2025-02-28,1283.55,762.6,1314.9,711.65,1043100
MACPOWER,2025-03-31,754.0,745.55,791.95,626.9,289347
MACPOWER,2025-04-30,755.0,847.95,883.15,745.55,72445
MACPOWER,2025-05-30,864.9,906.5,976.3,793.8,101678
MACPOWER,2025-06-30,889.0,1012.85,1043.25,853.85,134427
MACPOWER,2025-07-31,992.7,1020.6,1078.8,962.0,102416
MACPOWER,2025-08-29,1041.0,809.8,1090.0,780.1,195937
MACPOWER,2025-09-30,802.0,827.7,940.05,802.0,228501
MACPOWER,2025-10-31,847.25,841.65,888.7,803.5,169807
MACPOWER,2025-11-28,841.6,978.55,1020.0,761.0,649083
MACPOWER,2025-12-31,978.55,1025.35,1048.4,865.0,339700
MCLEODRUSS,2022-12-30,29.0,29.65,31.8,26.9,10528957
MCLEODRUSS,2023-01-31,30.2,25.95,30.7,25.2,12511739
MCLEODRUSS,2023-02-28,26.5,19.15,26.5,16.85,12453930
MCLEODRUSS,2023-03-31,19.0,16.9,19.6,16.3,5676604
MCLEODRUSS,2023-04-28,16.95,20.15,21.8,16.85,2839420
MCLEODRUSS,2023-05-31,19.5,19.2,23.1,19.05,5466423
MCLEODRUSS,2023-06-30,19.2,18.1,22.25,17.75,26332182
MCLEODRUSS,2023-07-31,18.2,18.25,21.7,18.0,18177358
MCLEODRUSS,2023-08-31,18.4,24.9,26.05,17.95,29774125
MCLEODRUSS,2023-09-29,25.2,21.8,25.9,20.6,9261939
MCLEODRUSS,2023-10-31,22.0,18.8,22.0,17.35,4632296
MCLEODRUSS,2023-11-30,18.8,21.65,23.9,18.4,17833234
MCLEODRUSS,2023-12-29,21.75,27.15,31.4,21.1,40872955
MCLEODRUSS,2024-01-31,27.8,27.8,29.35,23.0,9216449
MCLEODRUSS,2024-02-29,28.3,33.85,37.85,25.4,40388912
MCLEODRUSS,2024-03-29,34.25,23.9,35.5,23.7,8424514
MCLEODRUSS,2024-04-30,24.5,26.4,30.2,24.4,2533958
MCLEODRUSS,2024-05-31,25.9,24.05,27.9,22.5,4811611
MCLEODRUSS,2024-06-28,24.6,26.49,31.79,21.55,12914921
MCLEODRUSS,2024-07-31,26.35,28.18,35.46,25.75,23068395
MCLEODRUSS,2024-08-30,28.4,25.35,28.87,25.0,11246397
MCLEODRUSS,2024-09-30,25.8,32.81,32.81,24.11,20270460
MCLEODRUSS,2024-10-31,33.0,28.48,37.4,26.28,37057193
MCLEODRUSS,2024-11-29,29.3,37.99,37.99,29.02,16133801
MCLEODRUSS,2024-12-31,39.88,43.97,51.83,37.43,37161895
MCLEODRUSS,2025-01-31,44.23,39.59,48.44,36.03,10449392
MCLEODRUSS,2025-02-28,39.01,30.99,42.87,30.99,5350874
MCLEODRUSS,2025-03-31,30.1,33.75,40.1,27.6,7572468
MCLEODRUSS,2025-04-30,32.79,33.68,40.39,32.79,8234636
MCLEODRUSS,2025-05-30,33.5,31.4,35.23,29.35,7654791
MCLEODRUSS,2025-06-30,31.93,33.83,38.75,30.5,13885403
MCLEODRUSS,2025-07-31,33.9,38.03,46.5,31.96,38472205
MCLEODRUSS,2025-08-29,38.3,37.36,40.2,34.52,9357084
MCLEODRUSS,2025-09-30,38.02,37.01,40.9,36.5,11868665
MCLEODRUSS,2025-10-31,37.4,61.87,68.47,36.88,43262913
MCLEODRUSS,2025-11-28,63.1,53.56,64.02,51.15,7031903
MCLEODRUSS,2025-12-31,54.0,44.44,55.3,41.74,7445438
MRPL,2022-12-30,55.5,56.1,57.2,52.0,12866187
MRPL,2023-01-31,56.4,57.6,60.5,55.15,58302887
MRPL,2023-02-28,57.95,49.85,57.95,49.25,24062900
MRPL,2023-03-31,50.05,52.55,61.1,49.75,94710410
MRPL,2023-04-28,53.1,64.25,66.3,52.85,108627118
MRPL,2023-05-31,63.0,65.45,68.7,60.3,164056512
MRPL,2023-06-30,65.55,77.05,80.8,64.1,181811812
MRPL,2023-07-31,76.95,83.05,93.4,76.8,227733043
MRPL,2023-08-31,82.9,95.25,96.9,81.1,138673709
MRPL,2023-09-29,95.2,95.6,99.4,85.4,130692082
MRPL,2023-10-31,96.0,103.7,117.7,90.5,283106119
MRPL,2023-11-30,102.0,121.3,126.15,101.1,169888466
MRPL,2023-12-29,122.25,133.15,136.0,118.8,97430314
MRPL,2024-01-31,133.4,177.05,186.0,128.0,204898765
MRPL,2024-02-29,178.4,227.8,289.25,174.65,316837120
MRPL,2024-03-29,230.4,218.55,248.4,182.1,108871792
MRPL,2024-04-30,219.0,250.15,259.9,209.1,140905874
MRPL,2024-05-31,251.4,203.15,258.6,199.5,107238944
MRPL,2024-06-28,211.1,214.33,230.0,170.1,80320680
MRPL,2024-07-31,214.9,220.5,253.56,198.5,229973658
MRPL,2024-08-30,221.85,207.37,223.38,197.88,60444900
MRPL,2024-09-30,210.0,182.18,210.35,174.6,40693656
MRPL,2024-10-31,183.05,147.76,186.45,141.37,44468833
MRPL,2024-11-29,148.61,154.56,172.5,144.05,112401670
MRPL,2024-12-31,155.25,148.41,160.8,140.02,53593931
MRPL,2025-01-31,148.41,129.5,154.5,120.6,65615308
MRPL,2025-02-28,130.0,105.8,132.33,105.18,26695684
MRPL,2025-03-31,106.79,134.44,147.65,98.92,176071636
MRPL,2025-04-30,133.79,134.21,145.25,118.01,87292917
MRPL,2025-05-30,134.8,144.04,153.0,120.0,77448599
MRPL,2025-06-30,144.5,143.33,151.0,131.62,70149687
MRPL,2025-07-31,143.9,126.11,158.3,125.4,163667542
MRPL,2025-08-29,126.15,122.02,129.21,120.4,30270158
MRPL,2025-09-30,122.79,132.79,137.6,122.25,47677717
MRPL,2025-10-31,132.8,166.4,171.39,132.15,263058141
MRPL,2025-11-28,166.4,158.06,185.0,157.58,202697631
MRPL,2025-12-31,159.2,146.66,164.45,143.02,56682739
MTARTECH,2022-12-30,1549.0,1617.5,1629.0,1499.75,392060
MTARTECH,2023-01-31,1628.0,1737.55,1749.0,1586.4,3974477
MTARTECH,2023-02-28,1770.0,1696.85,1797.6,1641.0,3083173
MTARTECH,2023-03-31,1712.65,1581.55,1759.0,1473.0,1987485
MTARTECH,2023-04-28,1594.65,1812.8,1822.9,1586.35,1786691
MTARTECH,2023-05-31,1830.0,1899.35,2011.0,1820.55,5120738
MTARTECH,2023-06-30,1899.35,1917.75,2040.0,1861.0,6283473
MTARTECH,2023-07-31,1931.4,2133.0,2188.3,1884.1,6611611
MTARTECH,2023-08-31,2140.0,2462.5,2495.65,2087.55,12073561
MTARTECH,2023-09-29,2495.0,2537.6,2920.35,2390.0,17350129
MTARTECH,2023-10-31,2536.0,2438.85,2783.85,2410.05,6878314
MTARTECH,2023-11-30,2448.8,2240.6,2583.0,2190.7,7145845
MTARTECH,2023-12-29,2265.95,2208.3,2351.3,2129.95,4984013
MTARTECH,2024-01-31,2209.0,2100.55,2249.0,2066.6,3368123
MTARTECH,2024-02-29,2075.0,1916.1,2087.7,1681.55,8870269
MTARTECH,2024-03-29,1921.25,1683.75,1943.95,1661.0,3495808
MTARTECH,2024-04-30,1699.0,1886.05,2009.95,1699.0,6603925
MTARTECH,2024-05-31,1886.15,1800.6,2200.0,1730.0,8767380
MTARTECH,2024-06-28,1880.0,1858.25,1943.9,1600.0,7476652
MTARTECH,2024-07-31,1858.25,1904.65,2075.65,1821.25,7777121
MTARTECH,2024-08-30,1938.65,1826.3,1938.65,1672.05,3701135
MTARTECH,2024-09-30,1826.3,1745.95,1842.0,1702.3,1921901
MTARTECH,2024-10-31,1752.0,1670.85,1841.95,1495.4,3673172
MTARTECH,2024-11-29,1678.9,1787.65,1810.0,1530.55,2933504
MTARTECH,2024-12-31,1787.65,1658.25,1824.5,1546.25,6684303
MTARTECH,2025-01-31,1650.75,1624.1,1782.9,1470.0,3219955
MTARTECH,2025-02-28,1625.0,1287.9,1675.0,1206.75,3964872
MTARTECH,2025-03-31,1287.9,1281.15,1486.0,1221.0,3636066
MTARTECH,2025-04-30,1295.0,1421.3,1510.0,1155.6,2237536
MTARTECH,2025-05-30,1424.6,1640.8,1743.6,1358.0,5733721
MTARTECH,2025-06-30,1640.8,1586.6,1806.8,1576.3,4748206
MTARTECH,2025-07-31,1594.5,1466.4,1613.5,1440.5,1260286
MTARTECH,2025-08-29,1466.4,1396.0,1638.2,1390.5,2946833
MTARTECH,2025-09-30,1403.3,1851.4,1932.0,1400.0,9436888
MTARTECH,2025-10-31,1836.0,2548.1,2572.0,1835.0,15808557
MTARTECH,2025-11-28,2529.0,2532.4,2719.0,2217.1,10646535
MTARTECH,2025-12-31,2537.6,2434.1,2609.8,2238.2,3759554
NACLIND,2022-12-30,85.6,104.5,110.75,83.3,12330666
NACLIND,2023-01-31,105.65,102.75,110.65,93.1,11837490
NACLIND,2023-02-28,100.0,84.2,101.0,83.1,2864385
NACLIND,2023-03-31,84.95,81.7,89.55,79.0,3907578
NACLIND,2023-04-28,82.35,84.5,88.25,81.75,1038874
NACLIND,2023-05-31,85.0,102.9,105.0,82.75,5471216
NACLIND,2023-06-30,103.3,95.25,104.8,93.6,2354129
NACLIND,2023-07-31,95.3,81.45,100.5,81.0,4688607
NACLIND,2023-08-31,82.3,84.1,88.75,78.1,3886239
NACLIND,2023-09-29,84.05,80.4,84.95,75.95,2650311
NACLIND,2023-10-31,81.0,74.85,81.35,74.3,1576861
NACLIND,2023-11-30,74.7,73.05,77.35,71.6,2413870
NACLIND,2023-12-29,73.4,73.7,77.4,71.9,3887814
NACLIND,2024-01-31,73.0,74.5,85.0,72.0,10740946
NACLIND,2024-02-29,74.75,70.8,77.9,67.75,4702284
NACLIND,2024-03-29,71.4,56.25,72.6,55.55,5315564
NACLIND,2024-04-30,57.5,70.2,71.5,56.35,3971560
NACLIND,2024-05-31,71.05,67.75,72.8,62.55,2331877
NACLIND,2024-06-28,68.9,73.84,79.2,60.5,5128300
NACLIND,2024-07-31,73.0,68.49,76.03,63.76,7046191
NACLIND,2024-08-30,69.17,55.21,69.7,53.5,6932177
NACLIND,2024-09-30,55.73,55.47,60.9,54.01,6652778
NACLIND,2024-10-31,55.74,53.4,56.8,50.11,1981914
NACLIND,2024-11-29,54.14,51.31,55.02,49.0,1471843
NACLIND,2024-12-31,51.0,66.92,70.0,50.32,13504708
NACLIND,2025-01-31,66.92,70.51,72.0,58.26,8261866
NACLIND,2025-02-28,69.75,56.65,73.57,53.76,5530447
NACLIND,2025-03-31,56.25,101.78,110.85,56.01,56695946
NACLIND,2025-04-30,103.49,187.84,219.66,102.28,42594920
NACLIND,2025-05-30,196.7,176.68,211.0,158.09,6888564
NACLIND,2025-06-30,174.9,218.37,218.37,166.75,4945467
NACLIND,2025-07-31,228.0,323.3,331.07,225.2,10815198
NACLIND,2025-08-29,326.8,277.85,339.45,237.0,5326578
NACLIND,2025-09-30,278.1,199.25,283.9,199.25,4586660
NACLIND,2025-10-31,190.55,202.62,227.45,190.0,5038616
NACLIND,2025-11-28,202.2,190.89,204.99,176.5,3114836
NACLIND,2025-12-31,191.99,169.57,198.83,146.68,3249497
POCL,2022-12-30,30.65,30.65,30.65,30.65,0
POCL,2023-01-31,30.65,30.65,30.65,30.65,0
POCL,2023-02-28,30.65,30.65,30.65,30.65,0
POCL,2023-03-31,30.65,148.3,178.27,30.65,634082
POCL,2023-04-28,154.0,183.77,189.0,150.02,852810
POCL,2023-05-31,185.9,206.95,212.88,168.02,2628112
POCL,2023-06-30,207.48,197.77,223.23,195.07,1717312
POCL,2023-07-31,197.8,217.18,220.0,187.1,1161068
POCL,2023-08-31,215.0,243.38,260.65,188.75,6308668
POCL,2023-09-29,247.0,231.02,251.07,218.1,1395312
POCL,2023-10-31,231.02,215.3,244.98,199.5,1168796
POCL,2023-11-30,216.0,218.1,243.5,210.77,1489422
POCL,2023-12-29,220.27,251.35,275.0,191.23,4556190
POCL,2024-01-31,253.95,378.0,426.17,245.57,9269732
POCL,2024-02-29,381.0,361.08,453.15,341.27,2537046
POCL,2024-03-29,366.98,310.4,386.5,291.0,1150952
POCL,2024-04-30,315.5,340.9,382.5,314.42,1041138
POCL,2024-05-31,338.5,315.75,390.0,312.52,1540942
POCL,2024-06-28,327.45,406.17,442.5,289.75,6653070
POCL,2024-07-31,407.5,629.2,649.97,407.25,19125444
POCL,2024-08-30,657.47,898.88,977.72,635.33,8634990
POCL,2024-09-30,901.0,975.12,1190.0,901.0,4946250
POCL,2024-10-31,980.0,979.8,1130.0,792.0,3584541
POCL,2024-11-29,1019.85,876.95,1038.0,821.3,1776120
POCL,2024-12-31,868.0,845.85,955.9,830.05,1644588
POCL,2025-01-31,858.0,688.45,924.8,643.55,1926902
POCL,2025-02-28,700.0,575.95,819.35,569.55,1434564
POCL,2025-03-31,576.25,640.0,668.0,490.0,3057187
POCL,2025-04-30,635.05,763.7,833.25,512.4,4880344
POCL,2025-05-30,765.0,748.65,902.95,685.75,6081372
POCL,2025-06-30,749.9,871.0,880.0,689.0,4192292
POCL,2025-07-31,871.8,1187.85,1209.4,843.55,15200154
POCL,2025-08-29,1186.0,1050.0,1200.0,1012.2,6592560
POCL,2025-09-30,1057.0,1144.2,1360.0,1050.7,11065332
POCL,2025-10-31,1153.0,1370.9,1506.0,1145.0,17369245
POCL,2025-11-28,1369.1,1287.0,1428.9,1253.0,4750666
POCL,2025-12-31,1294.9,1387.8,1393.9,1240.0,2730983
PYRAMID,2023-08-31,187.0,166.85,188.0,164.1,3543195
PYRAMID,2023-09-29,162.55,175.0,188.25,155.0,7255211
PYRAMID,2023-10-31,175.0,208.15,239.35,167.25,15548152
PYRAMID,2023-11-30,209.4,202.8,235.6,197.1,6115120
PYRAMID,2023-12-29,204.65,192.55,208.9,188.15,4844145
PYRAMID,2024-01-31,193.35,185.35,196.5,176.45,3104913
PYRAMID,2024-02-29,185.3,171.6,187.0,156.0,2857080
PYRAMID,2024-03-29,172.15,144.85,176.55,140.0,2014698
PYRAMID,2024-04-30,148.5,158.25,174.85,147.75,2424912
PYRAMID,2024-05-31,158.45,143.65,162.9,141.3,1054907
PYRAMID,2024-06-28,145.95,169.9,172.0,134.4,1759368
PYRAMID,2024-07-31,170.89,198.91,206.37,167.51,5559023
PYRAMID,2024-08-30,200.2,174.15,201.8,162.0,2659071
PYRAMID,2024-09-30,174.15,170.84,197.5,168.03,3339643
PYRAMID,2024-10-31,170.0,206.86,233.0,166.0,9020569
PYRAMID,2024-11-29,209.98,206.18,258.99,182.56,11378323
PYRAMID,2024-12-31,204.11,207.34,236.95,197.55,2981458
PYRAMID,2025-01-31,207.74,181.25,217.6,162.38,1273050
PYRAMID,2025-02-28,181.85,166.97,198.0,151.8,886935
PYRAMID,2025-03-31,166.03,136.68,168.5,134.91,1619899
PYRAMID,2025-04-30,136.68,156.69,178.0,136.68,1338545
PYRAMID,2025-05-30,159.43,174.99,179.0,152.0,892968
PYRAMID,2025-06-30,176.9,180.04,190.0,167.2,1022617
PYRAMID,2025-07-31,178.12,167.23,185.38,157.05,704758
PYRAMID,2025-08-29,165.15,162.56,174.0,148.25,834681
PYRAMID,2025-09-30,163.49,159.33,179.46,154.65,660320
PYRAMID,2025-10-31,159.33,161.71,167.4,155.23,385272
PYRAMID,2025-11-28,162.9,164.69,174.0,150.01,678937
PYRAMID,2025-12-31,162.5,163.85,173.0,153.44,601298
RADICO,2022-12-30,1000.0,1012.4,1025.0,965.0,1172926
RADICO,2023-01-31,1024.0,1127.35,1131.0,1008.15,5580391
RADICO,2023-02-28,1132.75,1161.1,1230.0,1071.15,4246609
RADICO,2023-03-31,1155.0,1194.6,1225.0,1125.0,3608892
RADICO,2023-04-28,1200.0,1127.25,1206.4,1068.55,3694958
RADICO,2023-05-31,1130.9,1168.6,1192.0,1083.0,3215191
RADICO,2023-06-30,1166.25,1208.6,1240.0,1165.0,3894511
RADICO,2023-07-31,1215.0,1450.8,1470.0,1210.6,9147616
RADICO,2023-08-31,1451.95,1261.7,1478.0,1203.55,6340786
RADICO,2023-09-29,1271.9,1203.85,1305.0,1155.0,4344976
RADICO,2023-10-31,1205.0,1216.9,1266.9,1141.25,3983444
RADICO,2023-11-30,1228.5,1506.3,1537.85,1218.05,7586603
RADICO,2023-12-29,1533.95,1658.25,1885.1,1510.05,9800485
RADICO,2024-01-31,1669.3,1663.9,1703.0,1573.25,2875306
RADICO,2024-02-29,1669.95,1569.8,1820.0,1558.65,3525742
RADICO,2024-03-29,1592.0,1727.75,1742.0,1473.35,4663618
RADICO,2024-04-30,1742.0,1757.1,1815.0,1651.0,3752263
RADICO,2024-05-31,1764.95,1576.5,1845.0,1552.0,5536988
RADICO,2024-06-28,1593.0,1786.45,1868.0,1429.85,6019830
RADICO,2024-07-31,1786.1,1723.5,1807.9,1636.0,4309086
RADICO,2024-08-30,1744.65,1942.05,1975.75,1628.0,8119712
RADICO,2024-09-30,1982.0,2045.45,2332.7,1940.2,10627066
RADICO,2024-10-31,2030.0,2379.0,2524.0,1927.75,9139634
RADICO,2024-11-29,2405.6,2457.85,2479.9,2186.1,3443568
RADICO,2024-12-31,2448.05,2605.9,2629.8,2318.9,8331057
RADICO,2025-01-31,2605.9,2178.4,2637.7,2065.65,4748506
RADICO,2025-02-28,2178.1,2073.05,2407.9,1845.5,6434166
RADICO,2025-03-31,2073.05,2428.95,2450.0,1987.4,3097566
RADICO,2025-04-30,2429.05,2455.7,2521.2,2200.0,3792429
RADICO,2025-05-30,2455.7,2532.8,2665.0,2372.5,5126179
RADICO,2025-06-30,2552.9,2617.2,2786.9,2519.8,6837574
RADICO,2025-07-31,2640.0,2734.5,2785.9,2502.0,5392367
RADICO,2025-08-29,2768.0,2852.5,2940.0,2570.7,7329467
RADICO,2025-09-30,2852.5,2887.9,3067.0,2711.0,5641271
RADICO,2025-10-31,2884.8,3131.5,3423.0,2854.2,6715841
RADICO,2025-11-28,3149.9,3208.1,3591.9,3120.5,12134738
RADICO,2025-12-31,3190.0,3267.3,3323.4,3062.0,3872487
RECLTD,2022-12-30,112.0,116.5,118.5,108.0,60453492
RECLTD,2023-01-31,117.8,121.75,126.25,112.05,214402873
RECLTD,2023-02-28,122.9,114.3,123.35,110.45,132018341
RECLTD,2023-03-31,114.75,115.45,128.45,113.2,152574187
RECLTD,2023-04-28,116.15,132.15,132.4,115.65,113117540
RECLTD,2023-05-31,133.9,141.55,142.65,127.4,223063859
RECLTD,2023-06-30,142.15,164.65,169.5,140.4,233251145
RECLTD,2023-07-31,166.2,202.95,203.85,159.15,308681228
RECLTD,2023-08-31,203.0,238.65,249.25,191.45,639002105
RECLTD,2023-09-29,237.95,287.4,291.95,230.55,508168259
RECLTD,2023-10-31,287.95,287.6,299.2,259.45,249849200
RECLTD,2023-11-30,288.95,348.7,352.0,273.15,309640296
RECLTD,2023-12-29,354.9,412.85,454.75,351.1,351246562
RECLTD,2024-01-31,413.7,499.05,511.8,410.7,306789379
RECLTD,2024-02-29,503.45,442.05,524.0,424.6,242707615
RECLTD,2024-03-29,446.35,451.0,492.1,414.55,286855040
RECLTD,2024-04-30,453.0,507.15,511.65,414.8,262248619
RECLTD,2024-05-31,513.0,537.75,591.4,481.8,526240088
RECLTD,2024-06-28,578.0,525.4,607.8,408.3,537666223
RECLTD,2024-07-31,531.0,644.25,654.0,526.25,366360398
RECLTD,2024-08-30,640.0,619.75,646.95,560.05,200866341
RECLTD,2024-09-30,619.9,554.5,635.4,509.85,201815033
RECLTD,2024-10-31,555.0,522.6,569.45,484.1,193084255
RECLTD,2024-11-29,525.0,532.6,541.0,469.0,169816514
RECLTD,2024-12-31,533.0,500.7,573.3,492.15,130461173
RECLTD,2025-01-31,501.25,449.85,544.7,410.25,181739284
RECLTD,2025-02-28,455.0,360.3,460.2,357.35,195716993
RECLTD,2025-03-31,365.05,429.2,450.0,360.1,160366707
RECLTD,2025-04-30,425.85,420.1,448.0,366.55,144975396
RECLTD,2025-05-30,418.5,402.3,432.35,380.05,214378766
RECLTD,2025-06-30,400.1,402.4,428.7,381.0,174634300
RECLTD,2025-07-31,404.5,395.2,408.25,390.2,174377816
RECLTD,2025-08-29,392.5,350.0,397.8,348.6,99493560
RECLTD,2025-09-30,351.75,372.85,390.5,351.0,84963645
RECLTD,2025-10-31,372.15,374.85,390.3,367.5,124759355
RECLTD,2025-11-28,374.9,360.9,380.05,350.3,118782612
RECLTD,2025-12-31,361.9,354.2,362.8,330.95,98180364
SANGHVIMOV,2022-12-30,153.38,162.23,168.95,144.12,1193504
SANGHVIMOV,2023-01-31,164.02,166.45,179.0,156.3,4759990
SANGHVIMOV,2023-02-28,167.1,180.85,197.0,161.52,8753484
SANGHVIMOV,2023-03-31,182.15,176.07,190.65,152.55,4400708
SANGHVIMOV,2023-04-28,179.0,193.4,200.5,171.05,2964928
SANGHVIMOV,2023-05-31,194.4,221.9,224.57,183.05,12577878
SANGHVIMOV,2023-06-30,221.85,240.48,244.75,217.3,8186182
SANGHVIMOV,2023-07-31,240.0,317.67,320.62,239.0,8627912
SANGHVIMOV,2023-08-31,316.92,371.15,374.85,295.62,11249372
SANGHVIMOV,2023-09-29,371.08,340.55,377.92,306.35,4595484
SANGHVIMOV,2023-10-31,341.5,365.52,369.45,310.0,4400640
SANGHVIMOV,2023-11-30,375.5,392.9,414.5,360.25,5486536
SANGHVIMOV,2023-12-29,395.73,409.0,444.0,375.02,6857812
SANGHVIMOV,2024-01-31,411.8,385.98,437.0,365.0,3468954
SANGHVIMOV,2024-02-29,387.65,569.2,615.0,380.98,14521028
SANGHVIMOV,2024-03-29,573.95,676.05,699.92,472.5,12189548
SANGHVIMOV,2024-04-30,698.83,657.75,716.47,604.4,7821140
SANGHVIMOV,2024-05-31,687.5,548.03,747.47,525.03,20183284
SANGHVIMOV,2024-06-28,594.4,531.42,594.4,483.52,13189850
SANGHVIMOV,2024-07-31,535.97,587.42,593.0,500.52,10393884
SANGHVIMOV,2024-08-30,594.5,448.92,602.5,400.0,25412140
SANGHVIMOV,2024-09-30,452.38,406.35,453.65,383.52,12476791
SANGHVIMOV,2024-10-31,409.35,404.75,475.95,357.55,11438716
SANGHVIMOV,2024-11-29,407.0,329.75,428.65,302.0,9781342
SANGHVIMOV,2024-12-31,329.45,307.2,356.35,295.05,7251385
SANGHVIMOV,2025-01-31,305.2,252.5,310.75,222.6,7243440
SANGHVIMOV,2025-02-28,252.5,210.3,283.45,206.0,12358893
SANGHVIMOV,2025-03-31,212.38,244.11,268.58,208.0,11197004
SANGHVIMOV,2025-04-30,244.11,262.97,321.85,222.0,11444405
SANGHVIMOV,2025-05-30,261.1,291.4,354.0,251.8,20389036
SANGHVIMOV,2025-06-30,291.5,279.5,316.7,274.05,11550267
SANGHVIMOV,2025-07-31,282.55,271.2,286.4,252.45,4821398
SANGHVIMOV,2025-08-29,272.0,326.45,358.75,260.2,21847642
SANGHVIMOV,2025-09-30,326.4,360.65,401.0,323.0,21249146
SANGHVIMOV,2025-10-31,361.0,396.15,411.9,351.6,8275364
SANGHVIMOV,2025-11-28,398.1,332.8,407.7,322.0,6462118
SANGHVIMOV,2025-12-31,333.9,365.25,377.95,290.0,7070483
TEGA,2022-12-30,576.05,579.4,599.0,532.0,244493
TEGA,2023-01-31,587.9,613.3,625.4,550.0,605615
TEGA,2023-02-28,617.9,626.9,669.75,599.75,1280539
TEGA,2023-03-31,621.55,701.45,719.4,621.0,2538852
TEGA,2023-04-28,700.0,658.05,726.0,644.1,972895
TEGA,2023-05-31,662.0,899.45,899.45,652.0,3333445
TEGA,2023-06-30,916.5,971.4,1007.0,863.7,3291132
TEGA,2023-07-31,985.8,983.7,1080.9,937.0,1506006
TEGA,2023-08-31,985.05,995.4,1110.0,873.15,3667727
TEGA,2023-09-29,994.85,930.75,998.35,912.0,1368199
TEGA,2023-10-31,939.35,912.0,968.0,841.7,2554051
TEGA,2023-11-30,912.0,984.05,1084.2,909.0,2092583
TEGA,2023-12-29,992.05,1152.0,1224.4,963.95,3987047
TEGA,2024-01-31,1164.85,1155.8,1222.2,1059.85,1325760
TEGA,2024-02-29,1170.0,1165.4,1380.0,1070.0,2648093
TEGA,2024-03-29,1171.35,1241.1,1300.0,1095.6,1297810
TEGA,2024-04-30,1259.95,1498.05,1544.8,1247.05,1126598
TEGA,2024-05-31,1498.0,1488.05,1653.5,1440.0,2286614
TEGA,2024-06-28,1529.0,1637.95,1731.95,1270.0,1266459
TEGA,2024-07-31,1649.6,1909.55,1965.0,1610.0,1745558
TEGA,2024-08-30,1901.45,1707.05,1970.2,1663.55,1090339
TEGA,2024-09-30,1723.0,1874.25,1919.0,1683.1,662191
TEGA,2024-10-31,1883.65,1919.4,2034.95,1742.25,1122577
TEGA,2024-11-29,1959.9,1719.85,2328.9,1667.2,1917109
TEGA,2024-12-31,1711.0,1566.35,1734.95,1520.0,2340761
TEGA,2025-01-31,1566.35,1513.2,1663.0,1386.05,775567
TEGA,2025-02-28,1528.2,1322.85,1736.5,1240.85,2221515
TEGA,2025-03-31,1322.85,1475.7,1535.85,1237.6,664398
TEGA,2025-04-30,1470.0,1351.6,1488.7,1200.05,540343
TEGA,2025-05-30,1351.6,1650.0,1662.0,1240.0,1480278
TEGA,2025-06-30,1640.1,1557.7,1648.0,1467.0,752083
TEGA,2025-07-31,1576.9,1906.0,2010.1,1540.0,8159081
TEGA,2025-08-29,1898.0,1846.9,1929.6,1776.7,2995764
TEGA,2025-09-30,1874.6,1891.1,2125.0,1851.0,16590386
TEGA,2025-10-31,1904.0,1939.1,2000.0,1842.3,2891917
TEGA,2025-11-28,1939.1,1935.6,1996.9,1813.0,2116252
TEGA,2025-12-31,1975.4,1995.5,2010.0,1850.8,1622222
THYROCARE,2022-12-30,208.87,206.22,223.0,203.52,14566653
THYROCARE,2023-01-31,206.48,185.95,206.97,172.15,5280048
THYROCARE,2023-02-28,185.95,150.58,188.38,149.7,2711370
THYROCARE,2023-03-31,150.67,143.28,167.0,138.47,5115951
THYROCARE,2023-04-28,145.95,147.27,171.2,143.2,5036457
THYROCARE,2023-05-31,147.35,150.77,158.63,147.35,5603991
THYROCARE,2023-06-30,150.67,172.65,178.9,150.0,21651384
THYROCARE,2023-07-31,172.65,197.97,203.17,172.33,14649714
THYROCARE,2023-08-31,198.33,179.33,200.98,174.12,3485907
THYROCARE,2023-09-29,179.67,189.43,202.3,177.02,4734759
THYROCARE,2023-10-31,191.28,183.1,195.33,168.93,3221658
THYROCARE,2023-11-30,186.33,186.65,192.22,177.83,2311920
THYROCARE,2023-12-29,187.0,214.52,229.98,185.32,10733121
THYROCARE,2024-01-31,214.73,203.38,231.67,201.9,4910994
THYROCARE,2024-02-29,204.42,230.17,240.88,189.33,10277658
THYROCARE,2024-03-29,230.28,196.65,233.47,184.7,5473371
THYROCARE,2024-04-30,197.3,214.98,227.37,197.3,3981135
THYROCARE,2024-05-31,214.97,204.07,227.33,199.07,5487138
THYROCARE,2024-06-28,205.4,212.43,226.67,190.47,2674482
THYROCARE,2024-07-31,218.0,272.48,280.13,207.0,22704609
THYROCARE,2024-08-30,274.32,287.27,310.45,248.32,11274246
THYROCARE,2024-09-30,293.28,270.68,298.32,267.6,3190377
THYROCARE,2024-10-31,272.0,311.73,325.18,258.32,6795813
THYROCARE,2024-11-29,321.73,333.45,343.63,304.68,5336103
THYROCARE,2024-12-31,327.67,303.93,350.05,299.02,2664690
THYROCARE,2025-01-31,305.33,266.08,351.67,245.85,8741688
THYROCARE,2025-02-28,269.0,229.18,274.98,225.0,1802007
THYROCARE,2025-03-31,230.4,226.55,252.58,219.33,2141727
THYROCARE,2025-04-30,227.57,292.7,312.93,219.57,14944230
THYROCARE,2025-05-30,292.7,349.73,351.2,289.33,5909652
THYROCARE,2025-06-30,353.33,330.17,357.73,291.37,3408627
THYROCARE,2025-07-31,328.67,441.97,452.62,323.02,14107350
THYROCARE,2025-08-29,443.67,421.77,478.33,415.77,7216824
THYROCARE,2025-09-30,418.33,386.87,461.2,363.73,8392851
THYROCARE,2025-10-31,386.63,465.77,491.33,376.67,57524475
THYROCARE,2025-11-28,468.33,495.7,536.67,433.8,24846332
THYROCARE,2025-12-31,489.0,457.25,492.0,408.1,9906830
TI,2022-12-30,94.0,110.3,111.0,93.3,2022868
TI,2023-01-31,111.05,115.95,127.1,104.25,9550949
TI,2023-02-28,117.05,114.5,125.35,104.25,6127393
TI,2023-03-31,115.5,112.7,120.5,98.2,7420711
TI,2023-04-28,115.0,124.3,132.7,110.5,6944091
TI,2023-05-31,124.8,155.3,160.0,124.15,20007558
TI,2023-06-30,154.6,142.5,159.9,140.1,5534234
TI,2023-07-31,141.2,169.6,178.35,141.2,13610009
TI,2023-08-31,170.9,211.6,224.95,165.45,21954542
TI,2023-09-29,215.1,202.7,222.0,195.85,7031213
TI,2023-10-31,203.25,209.45,227.0,177.0,8747542
TI,2023-11-30,212.0,265.65,291.4,204.5,47901353
TI,2023-12-29,274.0,240.95,279.0,233.45,13157348
TI,2024-01-31,240.1,244.05,263.5,236.3,12188155
TI,2024-02-29,245.0,215.2,257.0,211.95,19142046
TI,2024-03-29,216.75,210.5,225.45,182.05,16959373
TI,2024-04-30,212.5,236.9,243.6,212.0,12779586
TI,2024-05-31,236.9,229.8,244.55,212.1,10718236
TI,2024-06-28,245.0,250.96,288.9,202.05,26357500
TI,2024-07-31,252.35,251.7,266.5,225.55,19620659
TI,2024-08-30,252.55,274.35,279.7,224.25,23636464
TI,2024-09-30,276.7,300.3,329.9,276.1,57782258
TI,2024-10-31,302.0,290.05,318.0,265.3,16327072
TI,2024-11-29,292.0,409.0,428.9,285.45,67158560
TI,2024-12-31,408.55,422.25,444.2,389.3,20547899
TI,2025-01-31,422.4,367.5,457.0,328.3,27905077
TI,2025-02-28,370.0,221.7,412.95,213.4,35148207
TI,2025-03-31,221.53,236.75,265.99,211.1,22563394
TI,2025-04-30,236.7,286.62,313.5,199.53,30534830
TI,2025-05-30,284.0,371.45,376.8,270.0,38594220
TI,2025-06-30,372.75,346.95,391.0,341.1,34800915
TI,2025-07-31,347.9,492.2,524.0,337.0,134308071
TI,2025-08-29,493.4,473.8,529.9,464.9,36043391
TI,2025-09-30,474.9,448.55,488.0,435.95,22358186
TI,2025-10-31,446.2,528.1,549.7,440.1,29238440
TI,2025-11-28,531.0,476.1,537.6,464.1,28168932
TI,2025-12-31,480.05,469.05,500.5,430.1,12072979
TINNARUBR,2025-04-30,1021.0,947.15,1088.85,943.95,111802
TINNARUBR,2025-05-30,920.05,969.55,1060.25,885.0,342439
TINNARUBR,2025-06-30,967.6,957.0,1019.0,905.0,387717
TINNARUBR,2025-07-31,952.35,908.05,1032.95,899.95,808866
TINNARUBR,2025-08-29,905.0,801.65,957.4,795.0,372063
TINNARUBR,2025-09-30,801.65,941.95,1006.4,799.05,1605436
TINNARUBR,2025-10-31,941.95,958.65,1068.6,936.05,649922
TINNARUBR,2025-11-28,958.65,842.4,969.4,811.0,428189
TINNARUBR,2025-12-31,849.0,807.7,857.35,765.0,245659
TMB,2022-12-30,497.0,478.6,497.0,475.0,365689
TMB,2023-01-31,487.55,470.1,488.55,467.0,1031212
TMB,2023-02-28,475.5,452.7,477.8,423.0,1819917
TMB,2023-03-31,452.85,407.6,460.0,399.0,2159961
TMB,2023-04-28,416.8,413.2,433.8,399.0,2055932
TMB,2023-05-31,413.2,414.45,431.0,409.0,1110382
TMB,2023-06-30,415.0,437.85,455.0,407.8,2023651
TMB,2023-07-31,410.0,445.3,452.0,402.35,3156757
TMB,2023-08-31,446.0,546.65,581.0,440.0,13980387
TMB,2023-09-29,545.9,546.7,611.35,525.0,8894981
TMB,2023-10-31,546.7,540.7,600.0,538.0,3614081
TMB,2023-11-30,545.0,522.95,554.0,510.05,2531999
TMB,2023-12-29,527.0,504.45,545.25,493.55,2894982
TMB,2024-01-31,510.0,504.9,514.7,491.4,2189103
TMB,2024-02-29,507.45,484.75,514.0,468.05,2465151
TMB,2024-03-29,485.3,485.6,495.6,450.95,1880702
TMB,2024-04-30,490.0,486.0,504.1,475.05,1676310
TMB,2024-05-31,486.0,455.95,491.15,453.0,1280638
TMB,2024-06-28,464.5,471.3,499.25,446.0,2586246
TMB,2024-07-31,472.2,462.6,489.0,454.75,2603857
TMB,2024-08-30,463.0,470.8,485.0,438.05,7100419
TMB,2024-09-30,470.8,470.7,499.0,446.0,4129586
TMB,2024-10-31,471.0,450.2,472.6,418.1,2368142
TMB,2024-11-29,455.0,473.35,479.0,433.45,2207677
TMB,2024-12-31,469.9,451.9,513.55,449.65,2587348
TMB,2025-01-31,453.9,438.0,461.95,418.25,1826643
TMB,2025-02-28,445.85,409.15,451.0,407.15,1139355
TMB,2025-03-31,410.9,410.9,431.6,403.7,1362572
TMB,2025-04-30,413.0,437.75,482.0,401.0,3167569
TMB,2025-05-30,438.0,448.4,464.65,436.0,2130151
TMB,2025-06-30,450.8,445.8,466.75,436.0,1565503
TMB,2025-07-31,446.7,455.6,463.9,440.0,1935005
TMB,2025-08-29,445.0,423.4,449.6,421.9,1097974
TMB,2025-09-30,425.0,421.95,440.0,411.8,1164220
TMB,2025-10-31,422.4,499.3,503.0,420.0,3830597
TMB,2025-11-28,498.5,507.35,527.0,468.0,2715879
TMB,2025-12-31,520.3,513.4,557.0,491.5,5204453
V2RETAIL,2022-12-30,89.55,103.2,111.35,79.8,1236365
V2RETAIL,2023-01-31,102.1,88.15,104.3,85.65,700160
V2RETAIL,2023-02-28,91.8,85.55,93.3,79.55,738982
V2RETAIL,2023-03-31,86.0,69.7,97.1,67.05,828473
V2RETAIL,2023-04-28,74.0,82.15,86.9,70.3,459462
V2RETAIL,2023-05-31,82.55,96.95,96.95,75.1,1276462
V2RETAIL,2023-06-30,107.4,132.35,135.0,101.0,2907438
V2RETAIL,2023-07-31,132.35,140.9,151.45,120.0,825663
V2RETAIL,2023-08-31,142.5,143.0,151.85,126.0,352071
V2RETAIL,2023-09-29,145.85,166.0,175.5,135.15,727389
V2RETAIL,2023-10-31,165.5,197.7,197.7,162.7,563465
V2RETAIL,2023-11-30,201.65,228.5,236.0,201.65,465195
V2RETAIL,2023-12-29,228.5,300.4,320.0,224.0,1048826
V2RETAIL,2024-01-31,300.5,348.25,388.25,300.5,1508153
V2RETAIL,2024-02-29,346.0,375.7,413.45,338.05,2726989
V2RETAIL,2024-03-29,374.95,422.2,444.05,335.0,1217519
V2RETAIL,2024-04-30,422.2,494.75,540.5,409.0,1071077
V2RETAIL,2024-05-31,496.0,537.65,547.0,421.0,772950
V2RETAIL,2024-06-28,562.0,772.35,780.0,464.0,1125649
V2RETAIL,2024-07-31,787.0,932.8,932.8,701.15,1128480
V2RETAIL,2024-08-30,965.9,1147.65,1247.0,855.6,1898176
V2RETAIL,2024-09-30,1149.7,1334.05,1344.7,1030.1,1563032
V2RETAIL,2024-10-31,1340.0,1125.4,1484.0,1071.1,1589437
V2RETAIL,2024-11-29,1149.9,1325.15,1375.0,1082.8,929859
V2RETAIL,2024-12-31,1300.0,1696.95,1708.0,1290.1,1013243
V2RETAIL,2025-01-31,1708.0,1858.05,1933.1,1636.0,1785386
V2RETAIL,2025-02-28,1860.0,1575.85,2097.0,1390.2,1525129
V2RETAIL,2025-03-31,1599.9,1718.55,1783.35,1465.05,873253
V2RETAIL,2025-04-30,1744.9,1687.4,1974.9,1576.3,1524658
V2RETAIL,2025-05-30,1655.2,1860.1,2070.0,1601.1,1064901
V2RETAIL,2025-06-30,1834.2,1814.5,1950.0,1753.2,781000
V2RETAIL,2025-07-31,1828.0,1858.0,2014.0,1788.8,1494625
V2RETAIL,2025-08-29,1765.1,1726.7,1837.0,1640.5,1623114
V2RETAIL,2025-09-30,1739.0,2081.4,2219.7,1585.6,2762616
V2RETAIL,2025-10-31,2085.0,2442.0,2465.0,2051.6,3844002
V2RETAIL,2025-11-28,2519.8,2449.8,2564.1,2205.2,2892678
V2RETAIL,2025-12-31,2470.0,2390.0,2507.9,2125.0,1211207
VIPIND,2022-12-30,682.45,668.15,699.0,652.0,657565
VIPIND,2023-01-31,671.5,699.25,730.95,666.95,3183240
VIPIND,2023-02-28,705.25,638.0,724.0,626.45,3143203
VIPIND,2023-03-31,641.4,572.7,643.1,549.45,5864696
VIPIND,2023-04-28,571.0,594.05,613.15,563.15,3976569
VIPIND,2023-05-31,597.0,606.55,650.25,596.95,4375498
VIPIND,2023-06-30,611.05,613.7,662.85,601.5,6441335
VIPIND,2023-07-31,619.65,599.8,619.65,573.6,6611010
VIPIND,2023-08-31,600.0,665.65,716.2,548.95,32022976
VIPIND,2023-09-29,667.9,656.15,722.85,639.0,19840140
VIPIND,2023-10-31,658.0,609.35,697.4,588.05,13214481
VIPIND,2023-11-30,609.65,606.3,650.1,589.1,11173363
VIPIND,2023-12-29,607.0,597.65,667.8,584.1,20588018
VIPIND,2024-01-31,599.0,538.65,614.65,513.15,18058092
VIPIND,2024-02-29,538.45,552.85,574.9,523.55,14681821
VIPIND,2024-03-29,552.8,525.5,563.0,449.05,36253751
VIPIND,2024-04-30,519.0,549.6,566.9,510.4,16660857
VIPIND,2024-05-31,550.05,486.55,573.7,485.0,8363943
VIPIND,2024-06-28,495.0,485.05,504.45,428.5,13249820
VIPIND,2024-07-31,485.95,465.45,492.0,451.5,8312112
VIPIND,2024-08-30,466.9,486.75,493.75,429.6,10985400
VIPIND,2024-09-30,489.0,538.05,589.75,481.05,38576456
VIPIND,2024-10-31,539.0,477.85,568.0,447.0,24781934
VIPIND,2024-11-29,484.0,514.85,520.8,456.95,10255228
VIPIND,2024-12-31,512.05,480.15,524.0,455.25,8329068
VIPIND,2025-01-31,484.5,372.1,497.7,350.05,10975493
VIPIND,2025-02-28,376.0,302.55,398.7,300.0,6860036
VIPIND,2025-03-31,304.05,279.7,319.7,272.9,17751262
VIPIND,2025-04-30,280.35,305.95,329.75,248.35,12418297
VIPIND,2025-05-30,305.95,361.7,391.85,298.25,19053091
VIPIND,2025-06-30,364.0,421.15,439.9,341.0,29650047
VIPIND,2025-07-31,422.6,448.25,492.3,410.2,30594765
VIPIND,2025-08-29,448.25,419.1,466.0,399.55,7428568
VIPIND,2025-09-30,419.0,415.95,454.3,395.0,8670093
VIPIND,2025-10-31,412.0,406.05,447.3,404.0,4869634
VIPIND,2025-11-28,406.0,377.0,412.35,353.8,5945711
VIPIND,2025-12-31,377.0,365.6,386.3,339.35,2705657
WABAG,2022-12-30,317.05,327.65,334.75,300.3,2581993
WABAG,2023-01-31,329.0,317.5,352.45,302.4,5574329
WABAG,2023-02-28,324.0,308.4,342.65,303.5,3764485
WABAG,2023-03-31,312.7,351.9,366.45,308.15,9963395
WABAG,2023-04-28,357.0,390.3,409.5,345.5,11963183
WABAG,2023-05-31,392.35,459.2,472.0,380.85,18167254
WABAG,2023-06-30,459.8,489.85,507.2,454.05,12745740
WABAG,2023-07-31,494.5,529.15,537.8,472.55,9681422
WABAG,2023-08-31,531.9,494.6,545.0,467.0,7668161
WABAG,2023-09-29,497.9,458.55,504.0,451.0,5630945
WABAG,2023-10-31,459.0,482.3,513.0,435.45,13330698
WABAG,2023-11-30,485.0,611.25,625.0,476.0,17067390
WABAG,2023-12-29,613.4,627.8,666.9,575.15,9751320
WABAG,2024-01-31,629.85,674.45,688.0,595.5,9828902
WABAG,2024-02-29,683.0,731.6,814.2,654.35,12148017
WABAG,2024-03-29,738.0,763.45,779.85,651.8,6920345
WABAG,2024-04-30,769.95,966.05,1030.0,765.5,18258877
WABAG,2024-05-31,968.0,980.05,1016.55,854.05,17980264
WABAG,2024-06-28,1029.05,1280.9,1349.0,825.0,22729035
WABAG,2024-07-31,1290.0,1342.65,1405.0,1184.95,15310264
WABAG,2024-08-30,1351.05,1272.55,1420.0,1203.7,10129378
WABAG,2024-09-30,1281.0,1510.5,1548.0,1245.1,11012308
WABAG,2024-10-31,1514.6,1777.95,1905.65,1405.05,13926724
WABAG,2024-11-29,1795.5,1794.9,1866.75,1645.7,5691677
WABAG,2024-12-31,1808.4,1643.1,1944.0,1523.75,19331821
WABAG,2025-01-31,1660.0,1372.35,1690.0,1114.0,10305620
WABAG,2025-02-28,1402.0,1303.5,1550.0,1244.75,15240380
WABAG,2025-03-31,1315.95,1454.65,1615.0,1218.0,8839223
WABAG,2025-04-30,1440.0,1285.1,1477.7,1140.05,6356699
WABAG,2025-05-30,1290.0,1628.5,1680.0,1250.0,11093964
WABAG,2025-06-30,1624.8,1481.4,1658.7,1460.0,5813542
WABAG,2025-07-31,1484.2,1585.7,1672.1,1398.8,9437706
WABAG,2025-08-29,1576.0,1457.8,1647.5,1453.1,4734745
WABAG,2025-09-30,1464.8,1435.0,1580.0,1412.2,3760615
WABAG,2025-10-31,1444.9,1414.1,1445.0,1390.3,3645225
WABAG,2025-11-28,1414.1,1355.6,1449.2,1338.0,2723321
WABAG,2025-12-31,1365.0,1293.6,1408.0,1241.1,4050424
ZTECH,2024-06-28,100.0,224.05,244.95,99.2,4974000
ZTECH,2024-07-31,235.25,280.95,304.55,229.1,4893600
ZTECH,2024-08-30,290.0,355.0,362.7,267.55,3572400
ZTECH,2024-09-30,360.0,420.25,420.7,321.5,2289600
ZTECH,2024-10-31,434.0,395.95,483.8,346.75,1252200
ZTECH,2024-11-29,415.4,391.15,417.0,326.4,606900
ZTECH,2024-12-31,398.95,569.0,569.0,398.0,330900
ZTECH,2025-01-31,580.35,627.0,731.15,580.35,440100
ZTECH,2025-02-28,614.5,533.0,644.95,533.0,693300
ZTECH,2025-03-31,507.0,594.95,611.0,481.05,315900
ZTECH,2025-04-30,606.8,589.25,657.9,555.1,266700
ZTECH,2025-05-30,580.0,584.15,618.7,530.0,450900
ZTECH,2025-06-30,610.15,560.6,675.0,523.3,959100
ZTECH,2025-07-31,565.0,620.2,638.95,539.0,396900
ZTECH,2025-08-29,608.1,513.5,624.0,499.0,1237800
ZTECH,2025-09-30,521.0,596.45,628.0,520.1,783000
ZTECH,2025-10-31,596.0,573.2,607.0,530.0,496500
ZTECH,2025-11-28,589.0,508.4,589.0,489.0,863700
ZTECH,2025-12-31,513.95,626.9,633.65,460.0,1348500
